{
  "_fv": 39,
  "_type": "tool",
  "definition": {
    "renderType": 0,
    "texture": "golden_machete",
    "customModelName": "Normal",
    "name": "Golden Machete",
    "specialInfo": [],
    "creativeTab": {
      "value": "CUSTOM:MaxArmory"
    },
    "toolType": "Axe",
    "harvestLevel": 2,
    "efficiency": 6.0,
    "attackSpeed": 1.2999999999999998,
    "enchantability": 22,
    "damageVsEntity": 3.0,
    "usageCount": 32,
    "blocksAffected": [],
    "hasGlow": false,
    "repairItems": [
      {
        "value": "Items.GOLD_INGOT"
      }
    ],
    "immuneToFire": false,
    "stayInGridWhenCrafting": false,
    "damageOnCrafting": false
  }
}