{
  "_fv": 39,
  "_type": "tool",
  "definition": {
    "renderType": 1,
    "texture": "golden_longsword",
    "customModelName": "longsword_model:default",
    "name": "Golden Long Sword",
    "specialInfo": [
      "Attack Range +1",
      "Two-Hand"
    ],
    "creativeTab": {
      "value": "CUSTOM:MaxArmory"
    },
    "toolType": "Sword",
    "harvestLevel": 0,
    "efficiency": 0.0,
    "attackSpeed": 1.2000000000000002,
    "enchantability": 22,
    "damageVsEntity": 3.5,
    "usageCount": 32,
    "blocksAffected": [],
    "hasGlow": false,
    "repairItems": [
      {
        "value": "Items.GOLD_INGOT"
      }
    ],
    "immuneToFire": false,
    "stayInGridWhenCrafting": false,
    "damageOnCrafting": false,
    "onItemInUseTick": {
      "name": "Setrangenormal"
    }
  }
}