{
  "_fv": 39,
  "_type": "tool",
  "definition": {
    "renderType": 1,
    "texture": "golden_halberd",
    "customModelName": "halberd_model:default",
    "name": "Golden Halberd",
    "specialInfo": [
      "Attack Range +2",
      "Two-hand"
    ],
    "creativeTab": {
      "value": "CUSTOM:MaxArmory"
    },
    "toolType": "Axe",
    "harvestLevel": 0,
    "efficiency": 0.0,
    "attackSpeed": 0.7999999999999999,
    "enchantability": 22,
    "damageVsEntity": 8.0,
    "usageCount": 32,
    "blocksAffected": [],
    "hasGlow": false,
    "repairItems": [
      {
        "value": "Items.GOLD_INGOT"
      }
    ],
    "immuneToFire": false,
    "stayInGridWhenCrafting": false,
    "damageOnCrafting": false,
    "onItemInUseTick": {
      "name": "Longrange_setrange"
    }
  }
}