{
  "_fv": 39,
  "_type": "tool",
  "definition": {
    "renderType": 0,
    "texture": "iron_machete",
    "customModelName": "Normal",
    "name": "Iron Machete",
    "specialInfo": [],
    "creativeTab": {
      "value": "CUSTOM:MaxArmory"
    },
    "toolType": "Axe",
    "harvestLevel": 2,
    "efficiency": 3.0,
    "attackSpeed": 1.3,
    "enchantability": 14,
    "damageVsEntity": 5.0,
    "usageCount": 250,
    "blocksAffected": [],
    "hasGlow": false,
    "repairItems": [
      {
        "value": "Items.IRON_INGOT"
      }
    ],
    "immuneToFire": false,
    "stayInGridWhenCrafting": false,
    "damageOnCrafting": false
  }
}