{
  "_fv": 39,
  "_type": "armor",
  "definition": {
    "enableHelmet": true,
    "textureHelmet": "helmet",
    "enableBody": true,
    "textureBody": "lamellar_armor_body",
    "enableLeggings": true,
    "textureLeggings": "lamellar_armor_leggings",
    "enableBoots": true,
    "textureBoots": "cloud_shoe",
    "creativeTab": {
      "value": "CUSTOM:MaxArmory"
    },
    "armorTextureFile": "elemendarmor",
    "helmetName": "Lamellar Armor Helmet",
    "bodyName": "Lamellar Armor Chestplate",
    "leggingsName": "Lamellar Armor Leggings",
    "bootsName": "Cloud Boots",
    "helmetSpecialInfo": [],
    "bodySpecialInfo": [],
    "leggingsSpecialInfo": [],
    "bootsSpecialInfo": [],
    "helmetModelName": "Modellamellar_armor",
    "helmetModelPart": "head",
    "helmetModelTexture": "lamellar_armor_helmet_tex.png",
    "bodyModelName": "Modellamellar_body",
    "bodyModelPart": "body",
    "armsModelPartL": "L",
    "armsModelPartR": "R",
    "bodyModelTexture": "lamellar_body_tex1.png",
    "leggingsModelName": "Modelmingguang_leggings_re1",
    "leggingsModelPartL": "left",
    "leggingsModelPartR": "right",
    "leggingsModelTexture": "mingguang_legging_tex1.png",
    "bootsModelName": "Modelcloud_boots_model",
    "bootsModelPartL": "L",
    "bootsModelPartR": "R",
    "bootsModelTexture": "cloud_boot_tex.png",
    "helmetItemRenderType": 0,
    "helmetItemCustomModelName": "Normal",
    "bodyItemRenderType": 0,
    "bodyItemCustomModelName": "Normal",
    "leggingsItemRenderType": 0,
    "leggingsItemCustomModelName": "Normal",
    "bootsItemRenderType": 0,
    "bootsItemCustomModelName": "Normal",
    "helmetImmuneToFire": false,
    "bodyImmuneToFire": false,
    "leggingsImmuneToFire": false,
    "bootsImmuneToFire": false,
    "maxDamage": 25,
    "damageValueHelmet": 3,
    "damageValueBody": 7,
    "damageValueLeggings": 7,
    "damageValueBoots": 1,
    "enchantability": 12,
    "toughness": 3.0,
    "knockbackResistance": 0.1,
    "equipSound": {
      "value": ""
    },
    "repairItems": []
  }
}