{
  "_fv": 39,
  "_type": "item",
  "definition": {
    "renderType": 1,
    "texture": "rod",
    "customModelName": "rod:default",
    "name": "Rod",
    "rarity": "COMMON",
    "creativeTab": {
      "value": "MATERIALS"
    },
    "stackSize": 64,
    "enchantability": 0,
    "useDuration": 0,
    "toolType": 1.0,
    "damageCount": 59,
    "recipeRemainder": {
      "value": ""
    },
    "destroyAnyBlock": false,
    "immuneToFire": false,
    "stayInGridWhenCrafting": false,
    "damageOnCrafting": false,
    "enableMeleeDamage": true,
    "damageVsEntity": 4.0,
    "specialInfo": [
      "Attack Range +2",
      "Two-hand"
    ],
    "hasGlow": false,
    "guiBoundTo": "<NONE>",
    "inventorySize": 9,
    "inventoryStackSize": 64,
    "onFinishUsingItem": {
      "name": "Longrange_setrange"
    },
    "isFood": false,
    "nutritionalValue": 4,
    "saturation": 0.3,
    "eatResultItem": {
      "value": ""
    },
    "isMeat": false,
    "isAlwaysEdible": false,
    "animation": "none"
  }
}