{
  "_fv": 39,
  "_type": "tool",
  "definition": {
    "renderType": 0,
    "texture": "netherite_guduo",
    "customModelName": "Normal",
    "name": "Netherite Hammer",
    "specialInfo": [
      "Ignore Armor"
    ],
    "creativeTab": {
      "value": "CUSTOM:MaxArmory"
    },
    "toolType": "Axe",
    "harvestLevel": 0,
    "efficiency": 0.0,
    "attackSpeed": 0.9,
    "enchantability": 15,
    "damageVsEntity": 6.0,
    "usageCount": 2031,
    "blocksAffected": [],
    "hasGlow": false,
    "repairItems": [
      {
        "value": "Items.NETHERITE_INGOT"
      }
    ],
    "immuneToFire": true,
    "stayInGridWhenCrafting": false,
    "damageOnCrafting": false,
    "onEntityHitWith": {
      "name": "NetheriteGuduohit"
    }
  }
}