{
  "_fv": 39,
  "_type": "tool",
  "definition": {
    "renderType": 0,
    "texture": "netherite_machete",
    "customModelName": "Normal",
    "name": "Netherite Machete",
    "specialInfo": [],
    "creativeTab": {
      "value": "CUSTOM:MaxArmory"
    },
    "toolType": "Axe",
    "harvestLevel": 4,
    "efficiency": 0.0,
    "attackSpeed": 1.2999999999999998,
    "enchantability": 15,
    "damageVsEntity": 7.0,
    "usageCount": 2031,
    "blocksAffected": [],
    "hasGlow": false,
    "repairItems": [
      {
        "value": "Items.NETHERITE_INGOT"
      }
    ],
    "immuneToFire": true,
    "stayInGridWhenCrafting": false,
    "damageOnCrafting": false
  }
}