{
  "_fv": 39,
  "_type": "tool",
  "definition": {
    "renderType": 0,
    "texture": "netherite_hengdao",
    "customModelName": "Normal",
    "name": "Netherite Hengdao",
    "specialInfo": [],
    "creativeTab": {
      "value": "CUSTOM:MaxArmory"
    },
    "toolType": "Sword",
    "harvestLevel": 0,
    "efficiency": 0.0,
    "attackSpeed": 1.7999999999999998,
    "enchantability": 15,
    "damageVsEntity": 5.699999999999999,
    "usageCount": 2031,
    "blocksAffected": [],
    "hasGlow": false,
    "repairItems": [
      {
        "value": "Items.NETHERITE_INGOT"
      }
    ],
    "immuneToFire": true,
    "stayInGridWhenCrafting": false,
    "damageOnCrafting": false
  }
}