{
  "_fv": 39,
  "_type": "recipe",
  "definition": {
    "recipeType": "Crafting",
    "xpReward": 0.0,
    "cookingTime": 200,
    "recipeRetstackSize": 1,
    "group": "",
    "recipeShapeless": false,
    "recipeSlots": [
      {
        "value": "CUSTOM:LamellarArmourPiece"
      },
      {
        "value": ""
      },
      {
        "value": "CUSTOM:LamellarArmourPiece"
      },
      {
        "value": "Blocks.WOOL#15"
      },
      {
        "value": ""
      },
      {
        "value": "Blocks.WOOL#15"
      },
      {
        "value": ""
      },
      {
        "value": ""
      },
      {
        "value": ""
      }
    ],
    "recipeReturnStack": {
      "value": "CUSTOM:MingguangArmor.boots"
    },
    "name": "rcp_cloud_boots",
    "namespace": "mod"
  }
}