{
  "_fv": 39,
  "_type": "recipe",
  "definition": {
    "recipeType": "Crafting",
    "xpReward": 0.0,
    "cookingTime": 200,
    "recipeRetstackSize": 4,
    "group": "",
    "recipeShapeless": false,
    "recipeSlots": [
      {
        "value": ""
      },
      {
        "value": ""
      },
      {
        "value": ""
      },
      {
        "value": "Blocks.CHAIN"
      },
      {
        "value": "Blocks.CHAIN"
      },
      {
        "value": ""
      },
      {
        "value": "Blocks.CHAIN"
      },
      {
        "value": "Blocks.CHAIN"
      },
      {
        "value": ""
      }
    ],
    "recipeReturnStack": {
      "value": "CUSTOM:ChainArmorPiece"
    },
    "name": "rcp_chain_armor_pice",
    "namespace": "mod"
  }
}