{
  "_fv": 39,
  "_type": "recipe",
  "definition": {
    "recipeType": "Smithing",
    "xpReward": 0.0,
    "cookingTime": 200,
    "recipeRetstackSize": 1,
    "group": "",
    "recipeShapeless": false,
    "smithingInputStack": {
      "value": "CUSTOM:LamellarArmor.body"
    },
    "smithingInputAdditionStack": {
      "value": "Items.GOLD_INGOT"
    },
    "smithingReturnStack": {
      "value": "CUSTOM:MingguangArmor.body"
    },
    "name": "rcpmingguang_armor",
    "namespace": "mod"
  }
}