{
  "_fv": 39,
  "_type": "recipe",
  "definition": {
    "recipeType": "Smithing",
    "xpReward": 0.0,
    "cookingTime": 200,
    "recipeRetstackSize": 1,
    "group": "",
    "recipeShapeless": false,
    "smithingInputStack": {
      "value": "CUSTOM:DiamondHalberd"
    },
    "smithingInputAdditionStack": {
      "value": "Items.NETHERITE_INGOT"
    },
    "smithingReturnStack": {
      "value": "CUSTOM:NetheriteHalberd"
    },
    "name": "rcp_netherite_helberd",
    "namespace": "mod"
  }
}