{
  "_fv": 39,
  "_type": "tool",
  "definition": {
    "renderType": 0,
    "texture": "stone_machete",
    "customModelName": "Normal",
    "name": "Stone Machete",
    "specialInfo": [],
    "creativeTab": {
      "value": "CUSTOM:MaxArmory"
    },
    "toolType": "Axe",
    "harvestLevel": 1,
    "efficiency": 2.0,
    "attackSpeed": 1.3,
    "enchantability": 5,
    "damageVsEntity": 4.0,
    "usageCount": 131,
    "blocksAffected": [],
    "hasGlow": false,
    "repairItems": [
      {
        "value": "Blocks.COBBLESTONE"
      }
    ],
    "immuneToFire": false,
    "stayInGridWhenCrafting": false,
    "damageOnCrafting": false
  }
}