{
  "_fv": 39,
  "_type": "tool",
  "definition": {
    "renderType": 1,
    "texture": "stone_pike",
    "customModelName": "pike_model:default",
    "name": "Stone Spear",
    "specialInfo": [
      "Attack Range +2",
      "Two-hand"
    ],
    "creativeTab": {
      "value": "CUSTOM:MaxArmory"
    },
    "toolType": "Sword",
    "harvestLevel": 0,
    "efficiency": 0.0,
    "attackSpeed": 1.4000000000000001,
    "enchantability": 5,
    "damageVsEntity": 3.0,
    "usageCount": 150,
    "blocksAffected": [],
    "hasGlow": false,
    "repairItems": [
      {
        "value": "Blocks.COBBLESTONE"
      }
    ],
    "immuneToFire": false,
    "stayInGridWhenCrafting": false,
    "damageOnCrafting": false,
    "onItemInUseTick": {
      "name": "Longrange_setrange"
    }
  }
}