{
  "_fv": 39,
  "_type": "tool",
  "definition": {
    "renderType": 0,
    "texture": "stone_shamshir",
    "customModelName": "Normal",
    "name": "Copper Shamshir",
    "specialInfo": [
      "Damage +1 if target has no armor"
    ],
    "creativeTab": {
      "value": "CUSTOM:MaxArmory"
    },
    "toolType": "Sword",
    "harvestLevel": 0,
    "efficiency": 0.0,
    "attackSpeed": 2.0,
    "enchantability": 5,
    "damageVsEntity": 2.0,
    "usageCount": 131,
    "blocksAffected": [],
    "hasGlow": false,
    "repairItems": [
      {
        "value": "Blocks.COBBLESTONE"
      }
    ],
    "immuneToFire": false,
    "stayInGridWhenCrafting": false,
    "damageOnCrafting": false,
    "onEntityHitWith": {
      "name": "ShamshirHit"
    }
  }
}