{
  "_fv": 39,
  "_type": "tool",
  "definition": {
    "renderType": 1,
    "texture": "wooden_longsword",
    "customModelName": "longsword_model:default",
    "name": "Wooden Long Sword",
    "specialInfo": [
      "Attack Range +1",
      "Two-Hand"
    ],
    "creativeTab": {
      "value": "CUSTOM:MaxArmory"
    },
    "toolType": "Sword",
    "harvestLevel": 0,
    "efficiency": 0.0,
    "attackSpeed": 1.2000000000000002,
    "enchantability": 15,
    "damageVsEntity": 3.5,
    "usageCount": 59,
    "blocksAffected": [],
    "hasGlow": false,
    "repairItems": [
      {
        "value": "Items.STICK"
      }
    ],
    "immuneToFire": false,
    "stayInGridWhenCrafting": false,
    "damageOnCrafting": false,
    "onItemInUseTick": {
      "name": "Setrangenormal"
    }
  }
}