{
  "_fv": 39,
  "_type": "tool",
  "definition": {
    "renderType": 0,
    "texture": "wooden_katana",
    "customModelName": "Normal",
    "name": "Wooden Katana",
    "specialInfo": [],
    "creativeTab": {
      "value": "CUSTOM:MaxArmory"
    },
    "toolType": "Sword",
    "harvestLevel": 0,
    "efficiency": 0.0,
    "attackSpeed": 1.4,
    "enchantability": 13,
    "damageVsEntity": 2.7,
    "usageCount": 50,
    "blocksAffected": [],
    "hasGlow": false,
    "repairItems": [
      {
        "value": "Items.STICK"
      }
    ],
    "immuneToFire": false,
    "stayInGridWhenCrafting": false,
    "damageOnCrafting": false
  }
}