{
	"credit": "Made with Blockbench",
	"textures": {
		"0": "greatdao",
		"particle": "greatdao"
	},
	"elements": [
		{
			"name": "greatdao_0",
			"from": [7.5, 10, 5],
			"to": [8, 12, 5.5],
			"faces": {
				"north": {"uv": [10, 5, 12, 5.5], "rotation": 270, "texture": "#0"},
				"east": {"uv": [12, 5, 10, 5.5], "rotation": 90, "texture": "#0"},
				"south": {"uv": [10, 5, 12, 5.5], "rotation": 270, "texture": "#0"},
				"west": {"uv": [10, 5, 12, 5.5], "rotation": 270, "texture": "#0"},
				"up": {"uv": [11.5, 5, 12, 5.5], "texture": "#0"},
				"down": {"uv": [10, 5, 10.5, 5.5], "rotation": 180, "texture": "#0"}
			}
		},
		{
			"name": "greatdao_1",
			"from": [7.5, 9, 5.5],
			"to": [8, 12, 6],
			"faces": {
				"north": {"uv": [9, 5.5, 12, 6], "rotation": 270, "texture": "#0"},
				"east": {"uv": [12, 5.5, 9, 6], "rotation": 90, "texture": "#0"},
				"south": {"uv": [9, 5.5, 12, 6], "rotation": 270, "texture": "#0"},
				"west": {"uv": [9, 5.5, 12, 6], "rotation": 270, "texture": "#0"},
				"up": {"uv": [11.5, 5.5, 12, 6], "texture": "#0"},
				"down": {"uv": [9, 5.5, 9.5, 6], "rotation": 180, "texture": "#0"}
			}
		},
		{
			"name": "greatdao_2",
			"from": [7.5, 8.5, 6],
			"to": [8, 11.5, 6.5],
			"faces": {
				"north": {"uv": [8.5, 6, 11.5, 6.5], "rotation": 270, "texture": "#0"},
				"east": {"uv": [11.5, 6, 8.5, 6.5], "rotation": 90, "texture": "#0"},
				"south": {"uv": [8.5, 6, 11.5, 6.5], "rotation": 270, "texture": "#0"},
				"west": {"uv": [8.5, 6, 11.5, 6.5], "rotation": 270, "texture": "#0"},
				"up": {"uv": [11, 6, 11.5, 6.5], "texture": "#0"},
				"down": {"uv": [8.5, 6, 9, 6.5], "rotation": 180, "texture": "#0"}
			}
		},
		{
			"name": "greatdao_3",
			"from": [7.5, 8, 6.5],
			"to": [8, 10.5, 7],
			"faces": {
				"north": {"uv": [8, 6.5, 10.5, 7], "rotation": 270, "texture": "#0"},
				"east": {"uv": [10.5, 6.5, 8, 7], "rotation": 90, "texture": "#0"},
				"south": {"uv": [8, 6.5, 10.5, 7], "rotation": 270, "texture": "#0"},
				"west": {"uv": [8, 6.5, 10.5, 7], "rotation": 270, "texture": "#0"},
				"up": {"uv": [10, 6.5, 10.5, 7], "texture": "#0"},
				"down": {"uv": [8, 6.5, 8.5, 7], "rotation": 180, "texture": "#0"}
			}
		},
		{
			"name": "greatdao_4",
			"from": [7.5, 7.5, 7],
			"to": [8, 9.5, 7.5],
			"faces": {
				"north": {"uv": [7.5, 7, 9.5, 7.5], "rotation": 270, "texture": "#0"},
				"east": {"uv": [9.5, 7, 7.5, 7.5], "rotation": 90, "texture": "#0"},
				"south": {"uv": [7.5, 7, 9.5, 7.5], "rotation": 270, "texture": "#0"},
				"west": {"uv": [7.5, 7, 9.5, 7.5], "rotation": 270, "texture": "#0"},
				"up": {"uv": [9, 7, 9.5, 7.5], "texture": "#0"},
				"down": {"uv": [7.5, 7, 8, 7.5], "rotation": 180, "texture": "#0"}
			}
		},
		{
			"name": "greatdao_5",
			"from": [7.5, 7, 7.5],
			"to": [8, 9, 8],
			"faces": {
				"north": {"uv": [7, 7.5, 9, 8], "rotation": 270, "texture": "#0"},
				"east": {"uv": [9, 7.5, 7, 8], "rotation": 90, "texture": "#0"},
				"south": {"uv": [7, 7.5, 9, 8], "rotation": 270, "texture": "#0"},
				"west": {"uv": [7, 7.5, 9, 8], "rotation": 270, "texture": "#0"},
				"up": {"uv": [8.5, 7.5, 9, 8], "texture": "#0"},
				"down": {"uv": [7, 7.5, 7.5, 8], "rotation": 180, "texture": "#0"}
			}
		},
		{
			"name": "greatdao_6",
			"from": [7.5, 6.5, 8],
			"to": [8, 8.5, 8.5],
			"faces": {
				"north": {"uv": [6.5, 8, 8.5, 8.5], "rotation": 270, "texture": "#0"},
				"east": {"uv": [8.5, 8, 6.5, 8.5], "rotation": 90, "texture": "#0"},
				"south": {"uv": [6.5, 8, 8.5, 8.5], "rotation": 270, "texture": "#0"},
				"west": {"uv": [6.5, 8, 8.5, 8.5], "rotation": 270, "texture": "#0"},
				"up": {"uv": [8, 8, 8.5, 8.5], "texture": "#0"},
				"down": {"uv": [6.5, 8, 7, 8.5], "rotation": 180, "texture": "#0"}
			}
		},
		{
			"name": "greatdao_7",
			"from": [7.5, 6, 8.5],
			"to": [8, 8, 9],
			"faces": {
				"north": {"uv": [6, 8.5, 8, 9], "rotation": 270, "texture": "#0"},
				"east": {"uv": [8, 8.5, 6, 9], "rotation": 90, "texture": "#0"},
				"south": {"uv": [6, 8.5, 8, 9], "rotation": 270, "texture": "#0"},
				"west": {"uv": [6, 8.5, 8, 9], "rotation": 270, "texture": "#0"},
				"up": {"uv": [7.5, 8.5, 8, 9], "texture": "#0"},
				"down": {"uv": [6, 8.5, 6.5, 9], "rotation": 180, "texture": "#0"}
			}
		},
		{
			"name": "greatdao_8",
			"from": [7.5, 5.5, 9],
			"to": [8, 7.5, 9.5],
			"faces": {
				"north": {"uv": [5.5, 9, 7.5, 9.5], "rotation": 270, "texture": "#0"},
				"east": {"uv": [7.5, 9, 5.5, 9.5], "rotation": 90, "texture": "#0"},
				"south": {"uv": [5.5, 9, 7.5, 9.5], "rotation": 270, "texture": "#0"},
				"west": {"uv": [5.5, 9, 7.5, 9.5], "rotation": 270, "texture": "#0"},
				"up": {"uv": [7, 9, 7.5, 9.5], "texture": "#0"},
				"down": {"uv": [5.5, 9, 6, 9.5], "rotation": 180, "texture": "#0"}
			}
		},
		{
			"name": "greatdao_9",
			"from": [7.5, 5, 9.5],
			"to": [8, 7, 10],
			"faces": {
				"north": {"uv": [5, 9.5, 7, 10], "rotation": 270, "texture": "#0"},
				"east": {"uv": [7, 9.5, 5, 10], "rotation": 90, "texture": "#0"},
				"south": {"uv": [5, 9.5, 7, 10], "rotation": 270, "texture": "#0"},
				"west": {"uv": [5, 9.5, 7, 10], "rotation": 270, "texture": "#0"},
				"up": {"uv": [6.5, 9.5, 7, 10], "texture": "#0"},
				"down": {"uv": [5, 9.5, 5.5, 10], "rotation": 180, "texture": "#0"}
			}
		},
		{
			"name": "greatdao_10",
			"from": [7.5, 4.5, 10],
			"to": [8, 6.5, 10.5],
			"faces": {
				"north": {"uv": [4.5, 10, 6.5, 10.5], "rotation": 270, "texture": "#0"},
				"east": {"uv": [6.5, 10, 4.5, 10.5], "rotation": 90, "texture": "#0"},
				"south": {"uv": [4.5, 10, 6.5, 10.5], "rotation": 270, "texture": "#0"},
				"west": {"uv": [4.5, 10, 6.5, 10.5], "rotation": 270, "texture": "#0"},
				"up": {"uv": [6, 10, 6.5, 10.5], "texture": "#0"},
				"down": {"uv": [4.5, 10, 5, 10.5], "rotation": 180, "texture": "#0"}
			}
		},
		{
			"name": "greatdao_11",
			"from": [7.5, 3.5, 10.5],
			"to": [8, 6, 11],
			"faces": {
				"north": {"uv": [3.5, 10.5, 6, 11], "rotation": 270, "texture": "#0"},
				"east": {"uv": [6, 10.5, 3.5, 11], "rotation": 90, "texture": "#0"},
				"south": {"uv": [3.5, 10.5, 6, 11], "rotation": 270, "texture": "#0"},
				"west": {"uv": [3.5, 10.5, 6, 11], "rotation": 270, "texture": "#0"},
				"up": {"uv": [5.5, 10.5, 6, 11], "texture": "#0"},
				"down": {"uv": [3.5, 10.5, 4, 11], "rotation": 180, "texture": "#0"}
			}
		},
		{
			"name": "greatdao_12",
			"from": [7.5, 3.5, 11],
			"to": [8, 5.5, 11.5],
			"faces": {
				"north": {"uv": [3.5, 11, 5.5, 11.5], "rotation": 270, "texture": "#0"},
				"east": {"uv": [5.5, 11, 3.5, 11.5], "rotation": 90, "texture": "#0"},
				"south": {"uv": [3.5, 11, 5.5, 11.5], "rotation": 270, "texture": "#0"},
				"west": {"uv": [3.5, 11, 5.5, 11.5], "rotation": 270, "texture": "#0"},
				"up": {"uv": [5, 11, 5.5, 11.5], "texture": "#0"},
				"down": {"uv": [3.5, 11, 4, 11.5], "rotation": 180, "texture": "#0"}
			}
		},
		{
			"name": "greatdao_13",
			"from": [7.5, 3.5, 11.5],
			"to": [8, 5.5, 12],
			"faces": {
				"north": {"uv": [3.5, 11.5, 5.5, 12], "rotation": 270, "texture": "#0"},
				"east": {"uv": [5.5, 11.5, 3.5, 12], "rotation": 90, "texture": "#0"},
				"south": {"uv": [3.5, 11.5, 5.5, 12], "rotation": 270, "texture": "#0"},
				"west": {"uv": [3.5, 11.5, 5.5, 12], "rotation": 270, "texture": "#0"},
				"up": {"uv": [5, 11.5, 5.5, 12], "texture": "#0"},
				"down": {"uv": [3.5, 11.5, 4, 12], "rotation": 180, "texture": "#0"}
			}
		},
		{
			"name": "greatdao_14",
			"from": [7.5, 3, 12],
			"to": [8, 5.5, 12.5],
			"faces": {
				"north": {"uv": [3, 12, 5.5, 12.5], "rotation": 270, "texture": "#0"},
				"east": {"uv": [5.5, 12, 3, 12.5], "rotation": 90, "texture": "#0"},
				"south": {"uv": [3, 12, 5.5, 12.5], "rotation": 270, "texture": "#0"},
				"west": {"uv": [3, 12, 5.5, 12.5], "rotation": 270, "texture": "#0"},
				"up": {"uv": [5, 12, 5.5, 12.5], "texture": "#0"},
				"down": {"uv": [3, 12, 3.5, 12.5], "rotation": 180, "texture": "#0"}
			}
		},
		{
			"name": "greatdao_15",
			"from": [7.5, 2.5, 12.5],
			"to": [8, 4, 13],
			"faces": {
				"north": {"uv": [2.5, 12.5, 4, 13], "rotation": 270, "texture": "#0"},
				"east": {"uv": [4, 12.5, 2.5, 13], "rotation": 90, "texture": "#0"},
				"south": {"uv": [2.5, 12.5, 4, 13], "rotation": 270, "texture": "#0"},
				"west": {"uv": [2.5, 12.5, 4, 13], "rotation": 270, "texture": "#0"},
				"up": {"uv": [3.5, 12.5, 4, 13], "texture": "#0"},
				"down": {"uv": [2.5, 12.5, 3, 13], "rotation": 180, "texture": "#0"}
			}
		},
		{
			"name": "greatdao_16",
			"from": [7.5, 2, 13],
			"to": [8, 3.5, 13.5],
			"faces": {
				"north": {"uv": [2, 13, 3.5, 13.5], "rotation": 270, "texture": "#0"},
				"east": {"uv": [3.5, 13, 2, 13.5], "rotation": 90, "texture": "#0"},
				"south": {"uv": [2, 13, 3.5, 13.5], "rotation": 270, "texture": "#0"},
				"west": {"uv": [2, 13, 3.5, 13.5], "rotation": 270, "texture": "#0"},
				"up": {"uv": [3, 13, 3.5, 13.5], "texture": "#0"},
				"down": {"uv": [2, 13, 2.5, 13.5], "rotation": 180, "texture": "#0"}
			}
		},
		{
			"name": "greatdao_17",
			"from": [7.5, 1.5, 13.5],
			"to": [8, 3, 14],
			"faces": {
				"north": {"uv": [1.5, 13.5, 3, 14], "rotation": 270, "texture": "#0"},
				"east": {"uv": [3, 13.5, 1.5, 14], "rotation": 90, "texture": "#0"},
				"south": {"uv": [1.5, 13.5, 3, 14], "rotation": 270, "texture": "#0"},
				"west": {"uv": [1.5, 13.5, 3, 14], "rotation": 270, "texture": "#0"},
				"up": {"uv": [2.5, 13.5, 3, 14], "texture": "#0"},
				"down": {"uv": [1.5, 13.5, 2, 14], "rotation": 180, "texture": "#0"}
			}
		},
		{
			"name": "greatdao_18",
			"from": [7.5, 1, 14],
			"to": [8, 2.5, 14.5],
			"faces": {
				"north": {"uv": [1, 14, 2.5, 14.5], "rotation": 270, "texture": "#0"},
				"east": {"uv": [2.5, 14, 1, 14.5], "rotation": 90, "texture": "#0"},
				"south": {"uv": [1, 14, 2.5, 14.5], "rotation": 270, "texture": "#0"},
				"west": {"uv": [1, 14, 2.5, 14.5], "rotation": 270, "texture": "#0"},
				"up": {"uv": [2, 14, 2.5, 14.5], "texture": "#0"},
				"down": {"uv": [1, 14, 1.5, 14.5], "rotation": 180, "texture": "#0"}
			}
		},
		{
			"name": "greatdao_19",
			"from": [7.5, 0.5, 14.5],
			"to": [8, 2, 15],
			"faces": {
				"north": {"uv": [0.5, 14.5, 2, 15], "rotation": 270, "texture": "#0"},
				"east": {"uv": [2, 14.5, 0.5, 15], "rotation": 90, "texture": "#0"},
				"south": {"uv": [0.5, 14.5, 2, 15], "rotation": 270, "texture": "#0"},
				"west": {"uv": [0.5, 14.5, 2, 15], "rotation": 270, "texture": "#0"},
				"up": {"uv": [1.5, 14.5, 2, 15], "texture": "#0"},
				"down": {"uv": [0.5, 14.5, 1, 15], "rotation": 180, "texture": "#0"}
			}
		},
		{
			"name": "greatdao_20",
			"from": [7.5, 0, 15],
			"to": [8, 1.5, 15.5],
			"faces": {
				"north": {"uv": [0, 15, 1.5, 15.5], "rotation": 270, "texture": "#0"},
				"east": {"uv": [1.5, 15, 0, 15.5], "rotation": 90, "texture": "#0"},
				"south": {"uv": [0, 15, 1.5, 15.5], "rotation": 270, "texture": "#0"},
				"west": {"uv": [0, 15, 1.5, 15.5], "rotation": 270, "texture": "#0"},
				"up": {"uv": [1, 15, 1.5, 15.5], "texture": "#0"},
				"down": {"uv": [0, 15, 0.5, 15.5], "rotation": 180, "texture": "#0"}
			}
		},
		{
			"name": "greatdao_21",
			"from": [7.5, 0.5, 15.5],
			"to": [8, 1, 16],
			"faces": {
				"north": {"uv": [0.5, 15.5, 1, 16], "rotation": 270, "texture": "#0"},
				"east": {"uv": [1, 15.5, 0.5, 16], "rotation": 90, "texture": "#0"},
				"south": {"uv": [0.5, 15.5, 1, 16], "rotation": 270, "texture": "#0"},
				"west": {"uv": [0.5, 15.5, 1, 16], "rotation": 270, "texture": "#0"},
				"up": {"uv": [0.5, 15.5, 1, 16], "texture": "#0"},
				"down": {"uv": [0.5, 15.5, 1, 16], "rotation": 180, "texture": "#0"}
			}
		}
	],
	"gui_light": "front",
	"display": {
		"thirdperson_righthand": {
			"rotation": [45, 0, 0],
			"translation": [0.5, 13, 1.5],
			"scale": [2, 2, 2]
		},
		"thirdperson_lefthand": {
			"rotation": [45, 0, 0],
			"translation": [-0.5, 13, 1.5],
			"scale": [2, 2, 2]
		},
		"firstperson_righthand": {
			"rotation": [45, 0, 0],
			"translation": [0, 8, 0]
		},
		"firstperson_lefthand": {
			"rotation": [45, 0, 0],
			"translation": [0, 8, 0]
		},
		"ground": {
			"rotation": [90, 0, -90],
			"translation": [0, 4.25, 0]
		},
		"gui": {
			"rotation": [-90, 180, 90],
			"translation": [2.5, 3, 0],
			"scale": [1.3, 1.3, 1.3]
		},
		"head": {
			"translation": [0, 7, -7],
			"scale": [2, 2, 2]
		},
		"fixed": {
			"rotation": [-90, 180, -90],
			"translation": [-3, 3.5, 0],
			"scale": [1.5, 1.5, 1.5]
		}
	},
	"groups": [
		{
			"name": "greatdao",
			"origin": [8, 8, 8],
			"color": 0,
			"nbt": "{}",
			"armAnimationEnabled": false,
			"children": [0, 1, 2, 3, 4, 5, 6, 7, 8, 9, 10, 11, 12, 13, 14, 15, 16, 17, 18, 19, 20, 21]
		}
	]
}