{
	"credit": "Made with Blockbench",
	"textures": {
		"0": "iron_halberd",
		"particle": "iron_halberd"
	},
	"elements": [
		{
			"name": "iron_halberd_0",
			"from": [7.5, 15.5, 15],
			"to": [8, 16, 16],
			"faces": {
				"north": {"uv": [15, 0, 15.5, 0.5], "texture": "#0"},
				"east": {"uv": [15, 0.5, 16, 0], "rotation": 180, "texture": "#0"},
				"south": {"uv": [15.5, 0, 16, 0.5], "texture": "#0"},
				"west": {"uv": [15, 0, 16, 0.5], "texture": "#0"},
				"up": {"uv": [16, 0, 15, 0.5], "rotation": 270, "texture": "#0"},
				"down": {"uv": [15, 0, 16, 0.5], "rotation": 270, "texture": "#0"}
			}
		},
		{
			"name": "iron_halberd_1",
			"from": [7.5, 15, 11.5],
			"to": [8, 15.5, 12.5],
			"faces": {
				"north": {"uv": [11.5, 0.5, 12, 1], "texture": "#0"},
				"east": {"uv": [11.5, 1, 12.5, 0.5], "rotation": 180, "texture": "#0"},
				"south": {"uv": [12, 0.5, 12.5, 1], "texture": "#0"},
				"west": {"uv": [11.5, 0.5, 12.5, 1], "texture": "#0"},
				"up": {"uv": [12.5, 0.5, 11.5, 1], "rotation": 270, "texture": "#0"},
				"down": {"uv": [11.5, 0.5, 12.5, 1], "rotation": 270, "texture": "#0"}
			}
		},
		{
			"name": "iron_halberd_2",
			"from": [7.5, 15, 14.5],
			"to": [8, 15.5, 16],
			"faces": {
				"north": {"uv": [14.5, 0.5, 15, 1], "texture": "#0"},
				"east": {"uv": [14.5, 1, 16, 0.5], "rotation": 180, "texture": "#0"},
				"south": {"uv": [15.5, 0.5, 16, 1], "texture": "#0"},
				"west": {"uv": [14.5, 0.5, 16, 1], "texture": "#0"},
				"up": {"uv": [16, 0.5, 14.5, 1], "rotation": 270, "texture": "#0"},
				"down": {"uv": [14.5, 0.5, 16, 1], "rotation": 270, "texture": "#0"}
			}
		},
		{
			"name": "iron_halberd_3",
			"from": [7.5, 14.5, 11],
			"to": [8, 15, 12.5],
			"faces": {
				"north": {"uv": [11, 1, 11.5, 1.5], "texture": "#0"},
				"east": {"uv": [11, 1.5, 12.5, 1], "rotation": 180, "texture": "#0"},
				"south": {"uv": [12, 1, 12.5, 1.5], "texture": "#0"},
				"west": {"uv": [11, 1, 12.5, 1.5], "texture": "#0"},
				"up": {"uv": [12.5, 1, 11, 1.5], "rotation": 270, "texture": "#0"},
				"down": {"uv": [11, 1, 12.5, 1.5], "rotation": 270, "texture": "#0"}
			}
		},
		{
			"name": "iron_halberd_4",
			"from": [7.5, 14.5, 14],
			"to": [8, 15, 15.5],
			"faces": {
				"north": {"uv": [14, 1, 14.5, 1.5], "texture": "#0"},
				"east": {"uv": [14, 1.5, 15.5, 1], "rotation": 180, "texture": "#0"},
				"south": {"uv": [15, 1, 15.5, 1.5], "texture": "#0"},
				"west": {"uv": [14, 1, 15.5, 1.5], "texture": "#0"},
				"up": {"uv": [15.5, 1, 14, 1.5], "rotation": 270, "texture": "#0"},
				"down": {"uv": [14, 1, 15.5, 1.5], "rotation": 270, "texture": "#0"}
			}
		},
		{
			"name": "iron_halberd_5",
			"from": [7.5, 14, 10.5],
			"to": [8, 14.5, 12.5],
			"faces": {
				"north": {"uv": [10.5, 1.5, 11, 2], "texture": "#0"},
				"east": {"uv": [10.5, 2, 12.5, 1.5], "rotation": 180, "texture": "#0"},
				"south": {"uv": [12, 1.5, 12.5, 2], "texture": "#0"},
				"west": {"uv": [10.5, 1.5, 12.5, 2], "texture": "#0"},
				"up": {"uv": [12.5, 1.5, 10.5, 2], "rotation": 270, "texture": "#0"},
				"down": {"uv": [10.5, 1.5, 12.5, 2], "rotation": 270, "texture": "#0"}
			}
		},
		{
			"name": "iron_halberd_6",
			"from": [7.5, 14, 13.5],
			"to": [8, 14.5, 15],
			"faces": {
				"north": {"uv": [13.5, 1.5, 14, 2], "texture": "#0"},
				"east": {"uv": [13.5, 2, 15, 1.5], "rotation": 180, "texture": "#0"},
				"south": {"uv": [14.5, 1.5, 15, 2], "texture": "#0"},
				"west": {"uv": [13.5, 1.5, 15, 2], "texture": "#0"},
				"up": {"uv": [15, 1.5, 13.5, 2], "rotation": 270, "texture": "#0"},
				"down": {"uv": [13.5, 1.5, 15, 2], "rotation": 270, "texture": "#0"}
			}
		},
		{
			"name": "iron_halberd_7",
			"from": [7.5, 13.5, 10],
			"to": [8, 14, 14.5],
			"faces": {
				"north": {"uv": [10, 2, 10.5, 2.5], "texture": "#0"},
				"east": {"uv": [10, 2.5, 14.5, 2], "rotation": 180, "texture": "#0"},
				"south": {"uv": [14, 2, 14.5, 2.5], "texture": "#0"},
				"west": {"uv": [10, 2, 14.5, 2.5], "texture": "#0"},
				"up": {"uv": [14.5, 2, 10, 2.5], "rotation": 270, "texture": "#0"},
				"down": {"uv": [10, 2, 14.5, 2.5], "rotation": 270, "texture": "#0"}
			}
		},
		{
			"name": "iron_halberd_8",
			"from": [7.5, 13, 10],
			"to": [8, 13.5, 14],
			"faces": {
				"north": {"uv": [10, 2.5, 10.5, 3], "texture": "#0"},
				"east": {"uv": [10, 3, 14, 2.5], "rotation": 180, "texture": "#0"},
				"south": {"uv": [13.5, 2.5, 14, 3], "texture": "#0"},
				"west": {"uv": [10, 2.5, 14, 3], "texture": "#0"},
				"up": {"uv": [14, 2.5, 10, 3], "rotation": 270, "texture": "#0"},
				"down": {"uv": [10, 2.5, 14, 3], "rotation": 270, "texture": "#0"}
			}
		},
		{
			"name": "iron_halberd_9",
			"from": [7.5, 12.5, 11.5],
			"to": [8, 13, 13.5],
			"faces": {
				"north": {"uv": [11.5, 3, 12, 3.5], "texture": "#0"},
				"east": {"uv": [11.5, 3.5, 13.5, 3], "rotation": 180, "texture": "#0"},
				"south": {"uv": [13, 3, 13.5, 3.5], "texture": "#0"},
				"west": {"uv": [11.5, 3, 13.5, 3.5], "texture": "#0"},
				"up": {"uv": [13.5, 3, 11.5, 3.5], "rotation": 270, "texture": "#0"},
				"down": {"uv": [11.5, 3, 13.5, 3.5], "rotation": 270, "texture": "#0"}
			}
		},
		{
			"name": "iron_halberd_10",
			"from": [7.5, 12, 11.5],
			"to": [8, 12.5, 13],
			"faces": {
				"north": {"uv": [11.5, 3.5, 12, 4], "texture": "#0"},
				"east": {"uv": [11.5, 4, 13, 3.5], "rotation": 180, "texture": "#0"},
				"south": {"uv": [12.5, 3.5, 13, 4], "texture": "#0"},
				"west": {"uv": [11.5, 3.5, 13, 4], "texture": "#0"},
				"up": {"uv": [13, 3.5, 11.5, 4], "rotation": 270, "texture": "#0"},
				"down": {"uv": [11.5, 3.5, 13, 4], "rotation": 270, "texture": "#0"}
			}
		},
		{
			"name": "iron_halberd_11",
			"from": [7.5, 11.5, 11],
			"to": [8, 12, 12.5],
			"faces": {
				"north": {"uv": [11, 4, 11.5, 4.5], "texture": "#0"},
				"east": {"uv": [11, 4.5, 12.5, 4], "rotation": 180, "texture": "#0"},
				"south": {"uv": [12, 4, 12.5, 4.5], "texture": "#0"},
				"west": {"uv": [11, 4, 12.5, 4.5], "texture": "#0"},
				"up": {"uv": [12.5, 4, 11, 4.5], "rotation": 270, "texture": "#0"},
				"down": {"uv": [11, 4, 12.5, 4.5], "rotation": 270, "texture": "#0"}
			}
		},
		{
			"name": "iron_halberd_12",
			"from": [7.5, 11, 10.5],
			"to": [8, 11.5, 12],
			"faces": {
				"north": {"uv": [10.5, 4.5, 11, 5], "texture": "#0"},
				"east": {"uv": [10.5, 5, 12, 4.5], "rotation": 180, "texture": "#0"},
				"south": {"uv": [11.5, 4.5, 12, 5], "texture": "#0"},
				"west": {"uv": [10.5, 4.5, 12, 5], "texture": "#0"},
				"up": {"uv": [12, 4.5, 10.5, 5], "rotation": 270, "texture": "#0"},
				"down": {"uv": [10.5, 4.5, 12, 5], "rotation": 270, "texture": "#0"}
			}
		},
		{
			"name": "iron_halberd_13",
			"from": [7.5, 10.5, 10],
			"to": [8, 11, 11.5],
			"faces": {
				"north": {"uv": [10, 5, 10.5, 5.5], "texture": "#0"},
				"east": {"uv": [10, 5.5, 11.5, 5], "rotation": 180, "texture": "#0"},
				"south": {"uv": [11, 5, 11.5, 5.5], "texture": "#0"},
				"west": {"uv": [10, 5, 11.5, 5.5], "texture": "#0"},
				"up": {"uv": [11.5, 5, 10, 5.5], "rotation": 270, "texture": "#0"},
				"down": {"uv": [10, 5, 11.5, 5.5], "rotation": 270, "texture": "#0"}
			}
		},
		{
			"name": "iron_halberd_14",
			"from": [7.5, 10, 9.5],
			"to": [8, 10.5, 11],
			"faces": {
				"north": {"uv": [9.5, 5.5, 10, 6], "texture": "#0"},
				"east": {"uv": [9.5, 6, 11, 5.5], "rotation": 180, "texture": "#0"},
				"south": {"uv": [10.5, 5.5, 11, 6], "texture": "#0"},
				"west": {"uv": [9.5, 5.5, 11, 6], "texture": "#0"},
				"up": {"uv": [11, 5.5, 9.5, 6], "rotation": 270, "texture": "#0"},
				"down": {"uv": [9.5, 5.5, 11, 6], "rotation": 270, "texture": "#0"}
			}
		},
		{
			"name": "iron_halberd_15",
			"from": [7.5, 9.5, 9],
			"to": [8, 10, 10.5],
			"faces": {
				"north": {"uv": [9, 6, 9.5, 6.5], "texture": "#0"},
				"east": {"uv": [9, 6.5, 10.5, 6], "rotation": 180, "texture": "#0"},
				"south": {"uv": [10, 6, 10.5, 6.5], "texture": "#0"},
				"west": {"uv": [9, 6, 10.5, 6.5], "texture": "#0"},
				"up": {"uv": [10.5, 6, 9, 6.5], "rotation": 270, "texture": "#0"},
				"down": {"uv": [9, 6, 10.5, 6.5], "rotation": 270, "texture": "#0"}
			}
		},
		{
			"name": "iron_halberd_16",
			"from": [7.5, 9, 8.5],
			"to": [8, 9.5, 10],
			"faces": {
				"north": {"uv": [8.5, 6.5, 9, 7], "texture": "#0"},
				"east": {"uv": [8.5, 7, 10, 6.5], "rotation": 180, "texture": "#0"},
				"south": {"uv": [9.5, 6.5, 10, 7], "texture": "#0"},
				"west": {"uv": [8.5, 6.5, 10, 7], "texture": "#0"},
				"up": {"uv": [10, 6.5, 8.5, 7], "rotation": 270, "texture": "#0"},
				"down": {"uv": [8.5, 6.5, 10, 7], "rotation": 270, "texture": "#0"}
			}
		},
		{
			"name": "iron_halberd_17",
			"from": [7.5, 8.5, 8],
			"to": [8, 9, 9.5],
			"faces": {
				"north": {"uv": [8, 7, 8.5, 7.5], "texture": "#0"},
				"east": {"uv": [8, 7.5, 9.5, 7], "rotation": 180, "texture": "#0"},
				"south": {"uv": [9, 7, 9.5, 7.5], "texture": "#0"},
				"west": {"uv": [8, 7, 9.5, 7.5], "texture": "#0"},
				"up": {"uv": [9.5, 7, 8, 7.5], "rotation": 270, "texture": "#0"},
				"down": {"uv": [8, 7, 9.5, 7.5], "rotation": 270, "texture": "#0"}
			}
		},
		{
			"name": "iron_halberd_18",
			"from": [7.5, 8, 7.5],
			"to": [8, 8.5, 9],
			"faces": {
				"north": {"uv": [7.5, 7.5, 8, 8], "texture": "#0"},
				"east": {"uv": [7.5, 8, 9, 7.5], "rotation": 180, "texture": "#0"},
				"south": {"uv": [8.5, 7.5, 9, 8], "texture": "#0"},
				"west": {"uv": [7.5, 7.5, 9, 8], "texture": "#0"},
				"up": {"uv": [9, 7.5, 7.5, 8], "rotation": 270, "texture": "#0"},
				"down": {"uv": [7.5, 7.5, 9, 8], "rotation": 270, "texture": "#0"}
			}
		},
		{
			"name": "iron_halberd_19",
			"from": [7.5, 7.5, 7],
			"to": [8, 8, 8.5],
			"faces": {
				"north": {"uv": [7, 8, 7.5, 8.5], "texture": "#0"},
				"east": {"uv": [7, 8.5, 8.5, 8], "rotation": 180, "texture": "#0"},
				"south": {"uv": [8, 8, 8.5, 8.5], "texture": "#0"},
				"west": {"uv": [7, 8, 8.5, 8.5], "texture": "#0"},
				"up": {"uv": [8.5, 8, 7, 8.5], "rotation": 270, "texture": "#0"},
				"down": {"uv": [7, 8, 8.5, 8.5], "rotation": 270, "texture": "#0"}
			}
		},
		{
			"name": "iron_halberd_20",
			"from": [7.5, 7, 6.5],
			"to": [8, 7.5, 8],
			"faces": {
				"north": {"uv": [6.5, 8.5, 7, 9], "texture": "#0"},
				"east": {"uv": [6.5, 9, 8, 8.5], "rotation": 180, "texture": "#0"},
				"south": {"uv": [7.5, 8.5, 8, 9], "texture": "#0"},
				"west": {"uv": [6.5, 8.5, 8, 9], "texture": "#0"},
				"up": {"uv": [8, 8.5, 6.5, 9], "rotation": 270, "texture": "#0"},
				"down": {"uv": [6.5, 8.5, 8, 9], "rotation": 270, "texture": "#0"}
			}
		},
		{
			"name": "iron_halberd_21",
			"from": [7.5, 6.5, 6],
			"to": [8, 7, 7.5],
			"faces": {
				"north": {"uv": [6, 9, 6.5, 9.5], "texture": "#0"},
				"east": {"uv": [6, 9.5, 7.5, 9], "rotation": 180, "texture": "#0"},
				"south": {"uv": [7, 9, 7.5, 9.5], "texture": "#0"},
				"west": {"uv": [6, 9, 7.5, 9.5], "texture": "#0"},
				"up": {"uv": [7.5, 9, 6, 9.5], "rotation": 270, "texture": "#0"},
				"down": {"uv": [6, 9, 7.5, 9.5], "rotation": 270, "texture": "#0"}
			}
		},
		{
			"name": "iron_halberd_22",
			"from": [7.5, 6, 5.5],
			"to": [8, 6.5, 7],
			"faces": {
				"north": {"uv": [5.5, 9.5, 6, 10], "texture": "#0"},
				"east": {"uv": [5.5, 10, 7, 9.5], "rotation": 180, "texture": "#0"},
				"south": {"uv": [6.5, 9.5, 7, 10], "texture": "#0"},
				"west": {"uv": [5.5, 9.5, 7, 10], "texture": "#0"},
				"up": {"uv": [7, 9.5, 5.5, 10], "rotation": 270, "texture": "#0"},
				"down": {"uv": [5.5, 9.5, 7, 10], "rotation": 270, "texture": "#0"}
			}
		},
		{
			"name": "iron_halberd_23",
			"from": [7.5, 5.5, 5],
			"to": [8, 6, 6.5],
			"faces": {
				"north": {"uv": [5, 10, 5.5, 10.5], "texture": "#0"},
				"east": {"uv": [5, 10.5, 6.5, 10], "rotation": 180, "texture": "#0"},
				"south": {"uv": [6, 10, 6.5, 10.5], "texture": "#0"},
				"west": {"uv": [5, 10, 6.5, 10.5], "texture": "#0"},
				"up": {"uv": [6.5, 10, 5, 10.5], "rotation": 270, "texture": "#0"},
				"down": {"uv": [5, 10, 6.5, 10.5], "rotation": 270, "texture": "#0"}
			}
		},
		{
			"name": "iron_halberd_24",
			"from": [7.5, 5, 4.5],
			"to": [8, 5.5, 6],
			"faces": {
				"north": {"uv": [4.5, 10.5, 5, 11], "texture": "#0"},
				"east": {"uv": [4.5, 11, 6, 10.5], "rotation": 180, "texture": "#0"},
				"south": {"uv": [5.5, 10.5, 6, 11], "texture": "#0"},
				"west": {"uv": [4.5, 10.5, 6, 11], "texture": "#0"},
				"up": {"uv": [6, 10.5, 4.5, 11], "rotation": 270, "texture": "#0"},
				"down": {"uv": [4.5, 10.5, 6, 11], "rotation": 270, "texture": "#0"}
			}
		},
		{
			"name": "iron_halberd_25",
			"from": [7.5, 4.5, 4],
			"to": [8, 5, 5.5],
			"faces": {
				"north": {"uv": [4, 11, 4.5, 11.5], "texture": "#0"},
				"east": {"uv": [4, 11.5, 5.5, 11], "rotation": 180, "texture": "#0"},
				"south": {"uv": [5, 11, 5.5, 11.5], "texture": "#0"},
				"west": {"uv": [4, 11, 5.5, 11.5], "texture": "#0"},
				"up": {"uv": [5.5, 11, 4, 11.5], "rotation": 270, "texture": "#0"},
				"down": {"uv": [4, 11, 5.5, 11.5], "rotation": 270, "texture": "#0"}
			}
		},
		{
			"name": "iron_halberd_26",
			"from": [7.5, 4, 3.5],
			"to": [8, 4.5, 5],
			"faces": {
				"north": {"uv": [3.5, 11.5, 4, 12], "texture": "#0"},
				"east": {"uv": [3.5, 12, 5, 11.5], "rotation": 180, "texture": "#0"},
				"south": {"uv": [4.5, 11.5, 5, 12], "texture": "#0"},
				"west": {"uv": [3.5, 11.5, 5, 12], "texture": "#0"},
				"up": {"uv": [5, 11.5, 3.5, 12], "rotation": 270, "texture": "#0"},
				"down": {"uv": [3.5, 11.5, 5, 12], "rotation": 270, "texture": "#0"}
			}
		},
		{
			"name": "iron_halberd_27",
			"from": [7.5, 3.5, 3],
			"to": [8, 4, 4.5],
			"faces": {
				"north": {"uv": [3, 12, 3.5, 12.5], "texture": "#0"},
				"east": {"uv": [3, 12.5, 4.5, 12], "rotation": 180, "texture": "#0"},
				"south": {"uv": [4, 12, 4.5, 12.5], "texture": "#0"},
				"west": {"uv": [3, 12, 4.5, 12.5], "texture": "#0"},
				"up": {"uv": [4.5, 12, 3, 12.5], "rotation": 270, "texture": "#0"},
				"down": {"uv": [3, 12, 4.5, 12.5], "rotation": 270, "texture": "#0"}
			}
		},
		{
			"name": "iron_halberd_28",
			"from": [7.5, 3, 2.5],
			"to": [8, 3.5, 4],
			"faces": {
				"north": {"uv": [2.5, 12.5, 3, 13], "texture": "#0"},
				"east": {"uv": [2.5, 13, 4, 12.5], "rotation": 180, "texture": "#0"},
				"south": {"uv": [3.5, 12.5, 4, 13], "texture": "#0"},
				"west": {"uv": [2.5, 12.5, 4, 13], "texture": "#0"},
				"up": {"uv": [4, 12.5, 2.5, 13], "rotation": 270, "texture": "#0"},
				"down": {"uv": [2.5, 12.5, 4, 13], "rotation": 270, "texture": "#0"}
			}
		},
		{
			"name": "iron_halberd_29",
			"from": [7.5, 2.5, 2],
			"to": [8, 3, 3.5],
			"faces": {
				"north": {"uv": [2, 13, 2.5, 13.5], "texture": "#0"},
				"east": {"uv": [2, 13.5, 3.5, 13], "rotation": 180, "texture": "#0"},
				"south": {"uv": [3, 13, 3.5, 13.5], "texture": "#0"},
				"west": {"uv": [2, 13, 3.5, 13.5], "texture": "#0"},
				"up": {"uv": [3.5, 13, 2, 13.5], "rotation": 270, "texture": "#0"},
				"down": {"uv": [2, 13, 3.5, 13.5], "rotation": 270, "texture": "#0"}
			}
		},
		{
			"name": "iron_halberd_30",
			"from": [7.5, 2, 1.5],
			"to": [8, 2.5, 3],
			"faces": {
				"north": {"uv": [1.5, 13.5, 2, 14], "texture": "#0"},
				"east": {"uv": [1.5, 14, 3, 13.5], "rotation": 180, "texture": "#0"},
				"south": {"uv": [2.5, 13.5, 3, 14], "texture": "#0"},
				"west": {"uv": [1.5, 13.5, 3, 14], "texture": "#0"},
				"up": {"uv": [3, 13.5, 1.5, 14], "rotation": 270, "texture": "#0"},
				"down": {"uv": [1.5, 13.5, 3, 14], "rotation": 270, "texture": "#0"}
			}
		},
		{
			"name": "iron_halberd_31",
			"from": [7.5, 1.5, 1],
			"to": [8, 2, 2.5],
			"faces": {
				"north": {"uv": [1, 14, 1.5, 14.5], "texture": "#0"},
				"east": {"uv": [1, 14.5, 2.5, 14], "rotation": 180, "texture": "#0"},
				"south": {"uv": [2, 14, 2.5, 14.5], "texture": "#0"},
				"west": {"uv": [1, 14, 2.5, 14.5], "texture": "#0"},
				"up": {"uv": [2.5, 14, 1, 14.5], "rotation": 270, "texture": "#0"},
				"down": {"uv": [1, 14, 2.5, 14.5], "rotation": 270, "texture": "#0"}
			}
		},
		{
			"name": "iron_halberd_32",
			"from": [7.5, 1, 0.5],
			"to": [8, 1.5, 2],
			"faces": {
				"north": {"uv": [0.5, 14.5, 1, 15], "texture": "#0"},
				"east": {"uv": [0.5, 15, 2, 14.5], "rotation": 180, "texture": "#0"},
				"south": {"uv": [1.5, 14.5, 2, 15], "texture": "#0"},
				"west": {"uv": [0.5, 14.5, 2, 15], "texture": "#0"},
				"up": {"uv": [2, 14.5, 0.5, 15], "rotation": 270, "texture": "#0"},
				"down": {"uv": [0.5, 14.5, 2, 15], "rotation": 270, "texture": "#0"}
			}
		},
		{
			"name": "iron_halberd_33",
			"from": [7.5, 0.5, 0],
			"to": [8, 1, 1.5],
			"faces": {
				"north": {"uv": [0, 15, 0.5, 15.5], "texture": "#0"},
				"east": {"uv": [0, 15.5, 1.5, 15], "rotation": 180, "texture": "#0"},
				"south": {"uv": [1, 15, 1.5, 15.5], "texture": "#0"},
				"west": {"uv": [0, 15, 1.5, 15.5], "texture": "#0"},
				"up": {"uv": [1.5, 15, 0, 15.5], "rotation": 270, "texture": "#0"},
				"down": {"uv": [0, 15, 1.5, 15.5], "rotation": 270, "texture": "#0"}
			}
		},
		{
			"name": "iron_halberd_34",
			"from": [7.5, 0, 0],
			"to": [8, 0.5, 1],
			"faces": {
				"north": {"uv": [0, 15.5, 0.5, 16], "texture": "#0"},
				"east": {"uv": [0, 16, 1, 15.5], "rotation": 180, "texture": "#0"},
				"south": {"uv": [0.5, 15.5, 1, 16], "texture": "#0"},
				"west": {"uv": [0, 15.5, 1, 16], "texture": "#0"},
				"up": {"uv": [1, 15.5, 0, 16], "rotation": 270, "texture": "#0"},
				"down": {"uv": [0, 15.5, 1, 16], "rotation": 270, "texture": "#0"}
			}
		}
	],
	"gui_light": "front",
	"display": {
		"thirdperson_righthand": {
			"rotation": [-45, 0, 0],
			"translation": [0.5, 13, 1.5],
			"scale": [2, 2, 2]
		},
		"thirdperson_lefthand": {
			"rotation": [-45, 0, 0],
			"translation": [-0.5, 13, 1.5],
			"scale": [2, 2, 2]
		},
		"firstperson_righthand": {
			"rotation": [-45, 0, 0],
			"translation": [0, 1.5, 0],
			"scale": [2, 2, 2]
		},
		"firstperson_lefthand": {
			"rotation": [-45, 0, 0],
			"translation": [0, 1.5, 0],
			"scale": [2, 2, 2]
		},
		"ground": {
			"translation": [0, 4.25, 0]
		},
		"gui": {
			"rotation": [0, 90, 0]
		},
		"head": {
			"rotation": [-90, 0, 0],
			"translation": [0, 7, -7],
			"scale": [2, 2, 2]
		},
		"fixed": {
			"rotation": [0, -90, 0],
			"translation": [-0.25, 0, 0],
			"scale": [1.2, 1.2, 1.2]
		}
	},
	"groups": [
		{
			"name": "iron_halberd",
			"origin": [8, 8, 8],
			"color": 0,
			"nbt": "{}",
			"armAnimationEnabled": false,
			"children": [0, 1, 2, 3, 4, 5, 6, 7, 8, 9, 10, 11, 12, 13, 14, 15, 16, 17, 18, 19, 20, 21, 22, 23, 24, 25, 26, 27, 28, 29, 30, 31, 32, 33, 34]
		}
	]
}