{
	"credit": "Made with Blockbench",
	"textures": {
		"0": "Lances",
		"particle": "Lances"
	},
	"elements": [
		{
			"name": "Lances_0",
			"from": [8, 11.5, 4],
			"to": [8.5, 12, 5],
			"faces": {
				"north": {"uv": [11.5, 4, 12, 4.5], "texture": "#0"},
				"east": {"uv": [11, 4, 12, 4.5], "texture": "#0"},
				"south": {"uv": [11, 4, 11.5, 4.5], "texture": "#0"},
				"west": {"uv": [12, 4, 11, 4.5], "texture": "#0"},
				"up": {"uv": [11, 4, 12, 4.5], "rotation": 270, "texture": "#0"},
				"down": {"uv": [11, 4, 12, 4.5], "rotation": 90, "texture": "#0"}
			}
		},
		{
			"name": "Lances_1",
			"from": [8, 11, 4],
			"to": [8.5, 11.5, 5.5],
			"faces": {
				"north": {"uv": [11.5, 4.5, 12, 5], "texture": "#0"},
				"east": {"uv": [10.5, 4.5, 12, 5], "texture": "#0"},
				"south": {"uv": [10.5, 4.5, 11, 5], "texture": "#0"},
				"west": {"uv": [12, 4.5, 10.5, 5], "texture": "#0"},
				"up": {"uv": [10.5, 4.5, 12, 5], "rotation": 270, "texture": "#0"},
				"down": {"uv": [10.5, 4.5, 12, 5], "rotation": 90, "texture": "#0"}
			}
		},
		{
			"name": "Lances_2",
			"from": [8, 10.5, 4.5],
			"to": [8.5, 11, 6],
			"faces": {
				"north": {"uv": [11, 5, 11.5, 5.5], "texture": "#0"},
				"east": {"uv": [10, 5, 11.5, 5.5], "texture": "#0"},
				"south": {"uv": [10, 5, 10.5, 5.5], "texture": "#0"},
				"west": {"uv": [11.5, 5, 10, 5.5], "texture": "#0"},
				"up": {"uv": [10, 5, 11.5, 5.5], "rotation": 270, "texture": "#0"},
				"down": {"uv": [10, 5, 11.5, 5.5], "rotation": 90, "texture": "#0"}
			}
		},
		{
			"name": "Lances_3",
			"from": [8, 10, 5],
			"to": [8.5, 10.5, 6.5],
			"faces": {
				"north": {"uv": [10.5, 5.5, 11, 6], "texture": "#0"},
				"east": {"uv": [9.5, 5.5, 11, 6], "texture": "#0"},
				"south": {"uv": [9.5, 5.5, 10, 6], "texture": "#0"},
				"west": {"uv": [11, 5.5, 9.5, 6], "texture": "#0"},
				"up": {"uv": [9.5, 5.5, 11, 6], "rotation": 270, "texture": "#0"},
				"down": {"uv": [9.5, 5.5, 11, 6], "rotation": 90, "texture": "#0"}
			}
		},
		{
			"name": "Lances_4",
			"from": [8, 9.5, 5.5],
			"to": [8.5, 10, 7.5],
			"faces": {
				"north": {"uv": [10, 6, 10.5, 6.5], "texture": "#0"},
				"east": {"uv": [8.5, 6, 10.5, 6.5], "texture": "#0"},
				"south": {"uv": [8.5, 6, 9, 6.5], "texture": "#0"},
				"west": {"uv": [10.5, 6, 8.5, 6.5], "texture": "#0"},
				"up": {"uv": [8.5, 6, 10.5, 6.5], "rotation": 270, "texture": "#0"},
				"down": {"uv": [8.5, 6, 10.5, 6.5], "rotation": 90, "texture": "#0"}
			}
		},
		{
			"name": "Lances_5",
			"from": [8, 9, 6],
			"to": [8.5, 9.5, 8],
			"faces": {
				"north": {"uv": [9.5, 6.5, 10, 7], "texture": "#0"},
				"east": {"uv": [8, 6.5, 10, 7], "texture": "#0"},
				"south": {"uv": [8, 6.5, 8.5, 7], "texture": "#0"},
				"west": {"uv": [10, 6.5, 8, 7], "texture": "#0"},
				"up": {"uv": [8, 6.5, 10, 7], "rotation": 270, "texture": "#0"},
				"down": {"uv": [8, 6.5, 10, 7], "rotation": 90, "texture": "#0"}
			}
		},
		{
			"name": "Lances_6",
			"from": [8, 8.5, 6],
			"to": [8.5, 9, 8.5],
			"faces": {
				"north": {"uv": [9.5, 7, 10, 7.5], "texture": "#0"},
				"east": {"uv": [7.5, 7, 10, 7.5], "texture": "#0"},
				"south": {"uv": [7.5, 7, 8, 7.5], "texture": "#0"},
				"west": {"uv": [10, 7, 7.5, 7.5], "texture": "#0"},
				"up": {"uv": [7.5, 7, 10, 7.5], "rotation": 270, "texture": "#0"},
				"down": {"uv": [7.5, 7, 10, 7.5], "rotation": 90, "texture": "#0"}
			}
		},
		{
			"name": "Lances_7",
			"from": [8, 8, 6.5],
			"to": [8.5, 8.5, 9],
			"faces": {
				"north": {"uv": [9, 7.5, 9.5, 8], "texture": "#0"},
				"east": {"uv": [7, 7.5, 9.5, 8], "texture": "#0"},
				"south": {"uv": [7, 7.5, 7.5, 8], "texture": "#0"},
				"west": {"uv": [9.5, 7.5, 7, 8], "texture": "#0"},
				"up": {"uv": [7, 7.5, 9.5, 8], "rotation": 270, "texture": "#0"},
				"down": {"uv": [7, 7.5, 9.5, 8], "rotation": 90, "texture": "#0"}
			}
		},
		{
			"name": "Lances_8",
			"from": [8, 7.5, 7],
			"to": [8.5, 8, 9.5],
			"faces": {
				"north": {"uv": [8.5, 8, 9, 8.5], "texture": "#0"},
				"east": {"uv": [6.5, 8, 9, 8.5], "texture": "#0"},
				"south": {"uv": [6.5, 8, 7, 8.5], "texture": "#0"},
				"west": {"uv": [9, 8, 6.5, 8.5], "texture": "#0"},
				"up": {"uv": [6.5, 8, 9, 8.5], "rotation": 270, "texture": "#0"},
				"down": {"uv": [6.5, 8, 9, 8.5], "rotation": 90, "texture": "#0"}
			}
		},
		{
			"name": "Lances_9",
			"from": [8, 7, 7.5],
			"to": [8.5, 7.5, 10.5],
			"faces": {
				"north": {"uv": [8, 8.5, 8.5, 9], "texture": "#0"},
				"east": {"uv": [5.5, 8.5, 8.5, 9], "texture": "#0"},
				"south": {"uv": [5.5, 8.5, 6, 9], "texture": "#0"},
				"west": {"uv": [8.5, 8.5, 5.5, 9], "texture": "#0"},
				"up": {"uv": [5.5, 8.5, 8.5, 9], "rotation": 270, "texture": "#0"},
				"down": {"uv": [5.5, 8.5, 8.5, 9], "rotation": 90, "texture": "#0"}
			}
		},
		{
			"name": "Lances_10",
			"from": [8, 6.5, 8],
			"to": [8.5, 7, 11],
			"faces": {
				"north": {"uv": [7.5, 9, 8, 9.5], "texture": "#0"},
				"east": {"uv": [5, 9, 8, 9.5], "texture": "#0"},
				"south": {"uv": [5, 9, 5.5, 9.5], "texture": "#0"},
				"west": {"uv": [8, 9, 5, 9.5], "texture": "#0"},
				"up": {"uv": [5, 9, 8, 9.5], "rotation": 270, "texture": "#0"},
				"down": {"uv": [5, 9, 8, 9.5], "rotation": 90, "texture": "#0"}
			}
		},
		{
			"name": "Lances_11",
			"from": [8, 6, 8.5],
			"to": [8.5, 6.5, 11.5],
			"faces": {
				"north": {"uv": [7, 9.5, 7.5, 10], "texture": "#0"},
				"east": {"uv": [4.5, 9.5, 7.5, 10], "texture": "#0"},
				"south": {"uv": [4.5, 9.5, 5, 10], "texture": "#0"},
				"west": {"uv": [7.5, 9.5, 4.5, 10], "texture": "#0"},
				"up": {"uv": [4.5, 9.5, 7.5, 10], "rotation": 270, "texture": "#0"},
				"down": {"uv": [4.5, 9.5, 7.5, 10], "rotation": 90, "texture": "#0"}
			}
		},
		{
			"name": "Lances_12",
			"from": [8, 5.5, 8.5],
			"to": [8.5, 6, 12.5],
			"faces": {
				"north": {"uv": [7, 10, 7.5, 10.5], "texture": "#0"},
				"east": {"uv": [3.5, 10, 7.5, 10.5], "texture": "#0"},
				"south": {"uv": [3.5, 10, 4, 10.5], "texture": "#0"},
				"west": {"uv": [7.5, 10, 3.5, 10.5], "texture": "#0"},
				"up": {"uv": [3.5, 10, 7.5, 10.5], "rotation": 270, "texture": "#0"},
				"down": {"uv": [3.5, 10, 7.5, 10.5], "rotation": 90, "texture": "#0"}
			}
		},
		{
			"name": "Lances_13",
			"from": [8, 5, 9],
			"to": [8.5, 5.5, 13.5],
			"faces": {
				"north": {"uv": [6.5, 10.5, 7, 11], "texture": "#0"},
				"east": {"uv": [2.5, 10.5, 7, 11], "texture": "#0"},
				"south": {"uv": [2.5, 10.5, 3, 11], "texture": "#0"},
				"west": {"uv": [7, 10.5, 2.5, 11], "texture": "#0"},
				"up": {"uv": [2.5, 10.5, 7, 11], "rotation": 270, "texture": "#0"},
				"down": {"uv": [2.5, 10.5, 7, 11], "rotation": 90, "texture": "#0"}
			}
		},
		{
			"name": "Lances_14",
			"from": [8, 4.5, 9.5],
			"to": [8.5, 5, 13.5],
			"faces": {
				"north": {"uv": [6, 11, 6.5, 11.5], "texture": "#0"},
				"east": {"uv": [2.5, 11, 6.5, 11.5], "texture": "#0"},
				"south": {"uv": [2.5, 11, 3, 11.5], "texture": "#0"},
				"west": {"uv": [6.5, 11, 2.5, 11.5], "texture": "#0"},
				"up": {"uv": [2.5, 11, 6.5, 11.5], "rotation": 270, "texture": "#0"},
				"down": {"uv": [2.5, 11, 6.5, 11.5], "rotation": 90, "texture": "#0"}
			}
		},
		{
			"name": "Lances_15",
			"from": [8, 4, 10],
			"to": [8.5, 4.5, 13],
			"faces": {
				"north": {"uv": [5.5, 11.5, 6, 12], "texture": "#0"},
				"east": {"uv": [3, 11.5, 6, 12], "texture": "#0"},
				"south": {"uv": [3, 11.5, 3.5, 12], "texture": "#0"},
				"west": {"uv": [6, 11.5, 3, 12], "texture": "#0"},
				"up": {"uv": [3, 11.5, 6, 12], "rotation": 270, "texture": "#0"},
				"down": {"uv": [3, 11.5, 6, 12], "rotation": 90, "texture": "#0"}
			}
		},
		{
			"name": "Lances_16",
			"from": [8, 3.5, 10],
			"to": [8.5, 4, 13],
			"faces": {
				"north": {"uv": [5.5, 12, 6, 12.5], "texture": "#0"},
				"east": {"uv": [3, 12, 6, 12.5], "texture": "#0"},
				"south": {"uv": [3, 12, 3.5, 12.5], "texture": "#0"},
				"west": {"uv": [6, 12, 3, 12.5], "texture": "#0"},
				"up": {"uv": [3, 12, 6, 12.5], "rotation": 270, "texture": "#0"},
				"down": {"uv": [3, 12, 6, 12.5], "rotation": 90, "texture": "#0"}
			}
		},
		{
			"name": "Lances_17",
			"from": [8, 3, 10.5],
			"to": [8.5, 3.5, 13.5],
			"faces": {
				"north": {"uv": [5, 12.5, 5.5, 13], "texture": "#0"},
				"east": {"uv": [2.5, 12.5, 5.5, 13], "texture": "#0"},
				"south": {"uv": [2.5, 12.5, 3, 13], "texture": "#0"},
				"west": {"uv": [5.5, 12.5, 2.5, 13], "texture": "#0"},
				"up": {"uv": [2.5, 12.5, 5.5, 13], "rotation": 270, "texture": "#0"},
				"down": {"uv": [2.5, 12.5, 5.5, 13], "rotation": 90, "texture": "#0"}
			}
		},
		{
			"name": "Lances_18",
			"from": [8, 2.5, 12.5],
			"to": [8.5, 3, 14],
			"faces": {
				"north": {"uv": [3, 13, 3.5, 13.5], "texture": "#0"},
				"east": {"uv": [2, 13, 3.5, 13.5], "texture": "#0"},
				"south": {"uv": [2, 13, 2.5, 13.5], "texture": "#0"},
				"west": {"uv": [3.5, 13, 2, 13.5], "texture": "#0"},
				"up": {"uv": [2, 13, 3.5, 13.5], "rotation": 270, "texture": "#0"},
				"down": {"uv": [2, 13, 3.5, 13.5], "rotation": 90, "texture": "#0"}
			}
		},
		{
			"name": "Lances_19",
			"from": [8, 2.5, 10.5],
			"to": [8.5, 3, 11.5],
			"faces": {
				"north": {"uv": [5, 13, 5.5, 13.5], "texture": "#0"},
				"east": {"uv": [4.5, 13, 5.5, 13.5], "texture": "#0"},
				"south": {"uv": [4.5, 13, 5, 13.5], "texture": "#0"},
				"west": {"uv": [5.5, 13, 4.5, 13.5], "texture": "#0"},
				"up": {"uv": [4.5, 13, 5.5, 13.5], "rotation": 270, "texture": "#0"},
				"down": {"uv": [4.5, 13, 5.5, 13.5], "rotation": 90, "texture": "#0"}
			}
		},
		{
			"name": "Lances_20",
			"from": [8, 2, 13],
			"to": [8.5, 2.5, 14.5],
			"faces": {
				"north": {"uv": [2.5, 13.5, 3, 14], "texture": "#0"},
				"east": {"uv": [1.5, 13.5, 3, 14], "texture": "#0"},
				"south": {"uv": [1.5, 13.5, 2, 14], "texture": "#0"},
				"west": {"uv": [3, 13.5, 1.5, 14], "texture": "#0"},
				"up": {"uv": [1.5, 13.5, 3, 14], "rotation": 270, "texture": "#0"},
				"down": {"uv": [1.5, 13.5, 3, 14], "rotation": 90, "texture": "#0"}
			}
		},
		{
			"name": "Lances_21",
			"from": [8, 1.5, 13.5],
			"to": [8.5, 2, 15],
			"faces": {
				"north": {"uv": [2, 14, 2.5, 14.5], "texture": "#0"},
				"east": {"uv": [1, 14, 2.5, 14.5], "texture": "#0"},
				"south": {"uv": [1, 14, 1.5, 14.5], "texture": "#0"},
				"west": {"uv": [2.5, 14, 1, 14.5], "texture": "#0"},
				"up": {"uv": [1, 14, 2.5, 14.5], "rotation": 270, "texture": "#0"},
				"down": {"uv": [1, 14, 2.5, 14.5], "rotation": 90, "texture": "#0"}
			}
		},
		{
			"name": "Lances_22",
			"from": [8, 1, 14],
			"to": [8.5, 1.5, 15.5],
			"faces": {
				"north": {"uv": [1.5, 14.5, 2, 15], "texture": "#0"},
				"east": {"uv": [0.5, 14.5, 2, 15], "texture": "#0"},
				"south": {"uv": [0.5, 14.5, 1, 15], "texture": "#0"},
				"west": {"uv": [2, 14.5, 0.5, 15], "texture": "#0"},
				"up": {"uv": [0.5, 14.5, 2, 15], "rotation": 270, "texture": "#0"},
				"down": {"uv": [0.5, 14.5, 2, 15], "rotation": 90, "texture": "#0"}
			}
		},
		{
			"name": "Lances_23",
			"from": [8, 0.5, 14.5],
			"to": [8.5, 1, 16],
			"faces": {
				"north": {"uv": [1, 15, 1.5, 15.5], "texture": "#0"},
				"east": {"uv": [0, 15, 1.5, 15.5], "texture": "#0"},
				"south": {"uv": [0, 15, 0.5, 15.5], "texture": "#0"},
				"west": {"uv": [1.5, 15, 0, 15.5], "texture": "#0"},
				"up": {"uv": [0, 15, 1.5, 15.5], "rotation": 270, "texture": "#0"},
				"down": {"uv": [0, 15, 1.5, 15.5], "rotation": 90, "texture": "#0"}
			}
		},
		{
			"name": "Lances_24",
			"from": [8, 0, 15],
			"to": [8.5, 0.5, 15.5],
			"faces": {
				"north": {"uv": [0.5, 15.5, 1, 16], "texture": "#0"},
				"east": {"uv": [0.5, 15.5, 1, 16], "texture": "#0"},
				"south": {"uv": [0.5, 15.5, 1, 16], "texture": "#0"},
				"west": {"uv": [1, 15.5, 0.5, 16], "texture": "#0"},
				"up": {"uv": [0.5, 15.5, 1, 16], "rotation": 270, "texture": "#0"},
				"down": {"uv": [0.5, 15.5, 1, 16], "rotation": 90, "texture": "#0"}
			}
		}
	],
	"gui_light": "front",
	"display": {
		"thirdperson_righthand": {
			"rotation": [30, 0, 0],
			"translation": [0, 13, -1.5],
			"scale": [2, 2, 2]
		},
		"thirdperson_lefthand": {
			"rotation": [30, 0, 0],
			"translation": [-0.5, 13, -1.5],
			"scale": [2, 2, 2]
		},
		"firstperson_righthand": {
			"rotation": [-10, 0, 0],
			"translation": [0, 1, 0],
			"scale": [2, 2, 2]
		},
		"firstperson_lefthand": {
			"rotation": [-10, 0, 0],
			"translation": [0, 1, 0],
			"scale": [2, 2, 2]
		},
		"gui": {
			"rotation": [0, -90, 0],
			"translation": [2, 2, 0],
			"scale": [1.2, 1.2, 1.2]
		},
		"head": {
			"translation": [0, 7, -7],
			"scale": [2, 2, 2]
		},
		"fixed": {
			"rotation": [0, 90, 0],
			"translation": [-3, 3, 0],
			"scale": [1.5, 1.5, 1.5]
		}
	},
	"groups": [
		{
			"name": "Lances",
			"origin": [8, 8, 8],
			"color": 0,
			"nbt": "{}",
			"armAnimationEnabled": false,
			"children": [0, 1, 2, 3, 4, 5, 6, 7, 8, 9, 10, 11, 12, 13, 14, 15, 16, 17, 18, 19, 20, 21, 22, 23, 24]
		}
	]
}