{
	"credit": "Made with Blockbench",
	"textures": {
		"0": "shuo",
		"particle": "shuo"
	},
	"elements": [
		{
			"name": "shuo_0",
			"from": [8, 15.5, 0],
			"to": [8.5, 16, 1],
			"faces": {
				"north": {"uv": [15.5, 0, 16, 0.5], "texture": "#0"},
				"east": {"uv": [15, 0, 16, 0.5], "texture": "#0"},
				"south": {"uv": [15, 0, 15.5, 0.5], "texture": "#0"},
				"west": {"uv": [16, 0, 15, 0.5], "texture": "#0"},
				"up": {"uv": [15, 0, 16, 0.5], "rotation": 270, "texture": "#0"},
				"down": {"uv": [15, 0, 16, 0.5], "rotation": 90, "texture": "#0"}
			}
		},
		{
			"name": "shuo_1",
			"from": [8, 15, 0],
			"to": [8.5, 15.5, 1.5],
			"faces": {
				"north": {"uv": [15.5, 0.5, 16, 1], "texture": "#0"},
				"east": {"uv": [14.5, 0.5, 16, 1], "texture": "#0"},
				"south": {"uv": [14.5, 0.5, 15, 1], "texture": "#0"},
				"west": {"uv": [16, 0.5, 14.5, 1], "texture": "#0"},
				"up": {"uv": [14.5, 0.5, 16, 1], "rotation": 270, "texture": "#0"},
				"down": {"uv": [14.5, 0.5, 16, 1], "rotation": 90, "texture": "#0"}
			}
		},
		{
			"name": "shuo_2",
			"from": [8, 14.5, 0.5],
			"to": [8.5, 15, 2],
			"faces": {
				"north": {"uv": [15, 1, 15.5, 1.5], "texture": "#0"},
				"east": {"uv": [14, 1, 15.5, 1.5], "texture": "#0"},
				"south": {"uv": [14, 1, 14.5, 1.5], "texture": "#0"},
				"west": {"uv": [15.5, 1, 14, 1.5], "texture": "#0"},
				"up": {"uv": [14, 1, 15.5, 1.5], "rotation": 270, "texture": "#0"},
				"down": {"uv": [14, 1, 15.5, 1.5], "rotation": 90, "texture": "#0"}
			}
		},
		{
			"name": "shuo_3",
			"from": [8, 14, 1],
			"to": [8.5, 14.5, 3],
			"faces": {
				"north": {"uv": [14.5, 1.5, 15, 2], "texture": "#0"},
				"east": {"uv": [13, 1.5, 15, 2], "texture": "#0"},
				"south": {"uv": [13, 1.5, 13.5, 2], "texture": "#0"},
				"west": {"uv": [15, 1.5, 13, 2], "texture": "#0"},
				"up": {"uv": [13, 1.5, 15, 2], "rotation": 270, "texture": "#0"},
				"down": {"uv": [13, 1.5, 15, 2], "rotation": 90, "texture": "#0"}
			}
		},
		{
			"name": "shuo_4",
			"from": [8, 13.5, 1.5],
			"to": [8.5, 14, 3.5],
			"faces": {
				"north": {"uv": [14, 2, 14.5, 2.5], "texture": "#0"},
				"east": {"uv": [12.5, 2, 14.5, 2.5], "texture": "#0"},
				"south": {"uv": [12.5, 2, 13, 2.5], "texture": "#0"},
				"west": {"uv": [14.5, 2, 12.5, 2.5], "texture": "#0"},
				"up": {"uv": [12.5, 2, 14.5, 2.5], "rotation": 270, "texture": "#0"},
				"down": {"uv": [12.5, 2, 14.5, 2.5], "rotation": 90, "texture": "#0"}
			}
		},
		{
			"name": "shuo_5",
			"from": [8, 13, 1.5],
			"to": [8.5, 13.5, 4],
			"faces": {
				"north": {"uv": [14, 2.5, 14.5, 3], "texture": "#0"},
				"east": {"uv": [12, 2.5, 14.5, 3], "texture": "#0"},
				"south": {"uv": [12, 2.5, 12.5, 3], "texture": "#0"},
				"west": {"uv": [14.5, 2.5, 12, 3], "texture": "#0"},
				"up": {"uv": [12, 2.5, 14.5, 3], "rotation": 270, "texture": "#0"},
				"down": {"uv": [12, 2.5, 14.5, 3], "rotation": 90, "texture": "#0"}
			}
		},
		{
			"name": "shuo_6",
			"from": [8, 12.5, 2],
			"to": [8.5, 13, 5],
			"faces": {
				"north": {"uv": [13.5, 3, 14, 3.5], "texture": "#0"},
				"east": {"uv": [11, 3, 14, 3.5], "texture": "#0"},
				"south": {"uv": [11, 3, 11.5, 3.5], "texture": "#0"},
				"west": {"uv": [14, 3, 11, 3.5], "texture": "#0"},
				"up": {"uv": [11, 3, 14, 3.5], "rotation": 270, "texture": "#0"},
				"down": {"uv": [11, 3, 14, 3.5], "rotation": 90, "texture": "#0"}
			}
		},
		{
			"name": "shuo_7",
			"from": [8, 12, 2.5],
			"to": [8.5, 12.5, 5],
			"faces": {
				"north": {"uv": [13, 3.5, 13.5, 4], "texture": "#0"},
				"east": {"uv": [11, 3.5, 13.5, 4], "texture": "#0"},
				"south": {"uv": [11, 3.5, 11.5, 4], "texture": "#0"},
				"west": {"uv": [13.5, 3.5, 11, 4], "texture": "#0"},
				"up": {"uv": [11, 3.5, 13.5, 4], "rotation": 270, "texture": "#0"},
				"down": {"uv": [11, 3.5, 13.5, 4], "rotation": 90, "texture": "#0"}
			}
		},
		{
			"name": "shuo_8",
			"from": [8, 11.5, 3],
			"to": [8.5, 12, 5],
			"faces": {
				"north": {"uv": [12.5, 4, 13, 4.5], "texture": "#0"},
				"east": {"uv": [11, 4, 13, 4.5], "texture": "#0"},
				"south": {"uv": [11, 4, 11.5, 4.5], "texture": "#0"},
				"west": {"uv": [13, 4, 11, 4.5], "texture": "#0"},
				"up": {"uv": [11, 4, 13, 4.5], "rotation": 270, "texture": "#0"},
				"down": {"uv": [11, 4, 13, 4.5], "rotation": 90, "texture": "#0"}
			}
		},
		{
			"name": "shuo_9",
			"from": [8, 11, 3],
			"to": [8.5, 11.5, 5.5],
			"faces": {
				"north": {"uv": [12.5, 4.5, 13, 5], "texture": "#0"},
				"east": {"uv": [10.5, 4.5, 13, 5], "texture": "#0"},
				"south": {"uv": [10.5, 4.5, 11, 5], "texture": "#0"},
				"west": {"uv": [13, 4.5, 10.5, 5], "texture": "#0"},
				"up": {"uv": [10.5, 4.5, 13, 5], "rotation": 270, "texture": "#0"},
				"down": {"uv": [10.5, 4.5, 13, 5], "rotation": 90, "texture": "#0"}
			}
		},
		{
			"name": "shuo_10",
			"from": [8, 10.5, 4.5],
			"to": [8.5, 11, 6],
			"faces": {
				"north": {"uv": [11, 5, 11.5, 5.5], "texture": "#0"},
				"east": {"uv": [10, 5, 11.5, 5.5], "texture": "#0"},
				"south": {"uv": [10, 5, 10.5, 5.5], "texture": "#0"},
				"west": {"uv": [11.5, 5, 10, 5.5], "texture": "#0"},
				"up": {"uv": [10, 5, 11.5, 5.5], "rotation": 270, "texture": "#0"},
				"down": {"uv": [10, 5, 11.5, 5.5], "rotation": 90, "texture": "#0"}
			}
		},
		{
			"name": "shuo_11",
			"from": [8, 10, 5],
			"to": [8.5, 10.5, 6.5],
			"faces": {
				"north": {"uv": [10.5, 5.5, 11, 6], "texture": "#0"},
				"east": {"uv": [9.5, 5.5, 11, 6], "texture": "#0"},
				"south": {"uv": [9.5, 5.5, 10, 6], "texture": "#0"},
				"west": {"uv": [11, 5.5, 9.5, 6], "texture": "#0"},
				"up": {"uv": [9.5, 5.5, 11, 6], "rotation": 270, "texture": "#0"},
				"down": {"uv": [9.5, 5.5, 11, 6], "rotation": 90, "texture": "#0"}
			}
		},
		{
			"name": "shuo_12",
			"from": [8, 9.5, 5.5],
			"to": [8.5, 10, 7],
			"faces": {
				"north": {"uv": [10, 6, 10.5, 6.5], "texture": "#0"},
				"east": {"uv": [9, 6, 10.5, 6.5], "texture": "#0"},
				"south": {"uv": [9, 6, 9.5, 6.5], "texture": "#0"},
				"west": {"uv": [10.5, 6, 9, 6.5], "texture": "#0"},
				"up": {"uv": [9, 6, 10.5, 6.5], "rotation": 270, "texture": "#0"},
				"down": {"uv": [9, 6, 10.5, 6.5], "rotation": 90, "texture": "#0"}
			}
		},
		{
			"name": "shuo_13",
			"from": [8, 9, 6],
			"to": [8.5, 9.5, 7.5],
			"faces": {
				"north": {"uv": [9.5, 6.5, 10, 7], "texture": "#0"},
				"east": {"uv": [8.5, 6.5, 10, 7], "texture": "#0"},
				"south": {"uv": [8.5, 6.5, 9, 7], "texture": "#0"},
				"west": {"uv": [10, 6.5, 8.5, 7], "texture": "#0"},
				"up": {"uv": [8.5, 6.5, 10, 7], "rotation": 270, "texture": "#0"},
				"down": {"uv": [8.5, 6.5, 10, 7], "rotation": 90, "texture": "#0"}
			}
		},
		{
			"name": "shuo_14",
			"from": [8, 8.5, 6.5],
			"to": [8.5, 9, 8],
			"faces": {
				"north": {"uv": [9, 7, 9.5, 7.5], "texture": "#0"},
				"east": {"uv": [8, 7, 9.5, 7.5], "texture": "#0"},
				"south": {"uv": [8, 7, 8.5, 7.5], "texture": "#0"},
				"west": {"uv": [9.5, 7, 8, 7.5], "texture": "#0"},
				"up": {"uv": [8, 7, 9.5, 7.5], "rotation": 270, "texture": "#0"},
				"down": {"uv": [8, 7, 9.5, 7.5], "rotation": 90, "texture": "#0"}
			}
		},
		{
			"name": "shuo_15",
			"from": [8, 8, 7],
			"to": [8.5, 8.5, 8.5],
			"faces": {
				"north": {"uv": [8.5, 7.5, 9, 8], "texture": "#0"},
				"east": {"uv": [7.5, 7.5, 9, 8], "texture": "#0"},
				"south": {"uv": [7.5, 7.5, 8, 8], "texture": "#0"},
				"west": {"uv": [9, 7.5, 7.5, 8], "texture": "#0"},
				"up": {"uv": [7.5, 7.5, 9, 8], "rotation": 270, "texture": "#0"},
				"down": {"uv": [7.5, 7.5, 9, 8], "rotation": 90, "texture": "#0"}
			}
		},
		{
			"name": "shuo_16",
			"from": [8, 7.5, 7.5],
			"to": [8.5, 8, 9],
			"faces": {
				"north": {"uv": [8, 8, 8.5, 8.5], "texture": "#0"},
				"east": {"uv": [7, 8, 8.5, 8.5], "texture": "#0"},
				"south": {"uv": [7, 8, 7.5, 8.5], "texture": "#0"},
				"west": {"uv": [8.5, 8, 7, 8.5], "texture": "#0"},
				"up": {"uv": [7, 8, 8.5, 8.5], "rotation": 270, "texture": "#0"},
				"down": {"uv": [7, 8, 8.5, 8.5], "rotation": 90, "texture": "#0"}
			}
		},
		{
			"name": "shuo_17",
			"from": [8, 7, 8],
			"to": [8.5, 7.5, 9.5],
			"faces": {
				"north": {"uv": [7.5, 8.5, 8, 9], "texture": "#0"},
				"east": {"uv": [6.5, 8.5, 8, 9], "texture": "#0"},
				"south": {"uv": [6.5, 8.5, 7, 9], "texture": "#0"},
				"west": {"uv": [8, 8.5, 6.5, 9], "texture": "#0"},
				"up": {"uv": [6.5, 8.5, 8, 9], "rotation": 270, "texture": "#0"},
				"down": {"uv": [6.5, 8.5, 8, 9], "rotation": 90, "texture": "#0"}
			}
		},
		{
			"name": "shuo_18",
			"from": [8, 6.5, 8.5],
			"to": [8.5, 7, 10],
			"faces": {
				"north": {"uv": [7, 9, 7.5, 9.5], "texture": "#0"},
				"east": {"uv": [6, 9, 7.5, 9.5], "texture": "#0"},
				"south": {"uv": [6, 9, 6.5, 9.5], "texture": "#0"},
				"west": {"uv": [7.5, 9, 6, 9.5], "texture": "#0"},
				"up": {"uv": [6, 9, 7.5, 9.5], "rotation": 270, "texture": "#0"},
				"down": {"uv": [6, 9, 7.5, 9.5], "rotation": 90, "texture": "#0"}
			}
		},
		{
			"name": "shuo_19",
			"from": [8, 6, 9],
			"to": [8.5, 6.5, 10.5],
			"faces": {
				"north": {"uv": [6.5, 9.5, 7, 10], "texture": "#0"},
				"east": {"uv": [5.5, 9.5, 7, 10], "texture": "#0"},
				"south": {"uv": [5.5, 9.5, 6, 10], "texture": "#0"},
				"west": {"uv": [7, 9.5, 5.5, 10], "texture": "#0"},
				"up": {"uv": [5.5, 9.5, 7, 10], "rotation": 270, "texture": "#0"},
				"down": {"uv": [5.5, 9.5, 7, 10], "rotation": 90, "texture": "#0"}
			}
		},
		{
			"name": "shuo_20",
			"from": [8, 5.5, 9.5],
			"to": [8.5, 6, 11],
			"faces": {
				"north": {"uv": [6, 10, 6.5, 10.5], "texture": "#0"},
				"east": {"uv": [5, 10, 6.5, 10.5], "texture": "#0"},
				"south": {"uv": [5, 10, 5.5, 10.5], "texture": "#0"},
				"west": {"uv": [6.5, 10, 5, 10.5], "texture": "#0"},
				"up": {"uv": [5, 10, 6.5, 10.5], "rotation": 270, "texture": "#0"},
				"down": {"uv": [5, 10, 6.5, 10.5], "rotation": 90, "texture": "#0"}
			}
		},
		{
			"name": "shuo_21",
			"from": [8, 5, 10],
			"to": [8.5, 5.5, 11.5],
			"faces": {
				"north": {"uv": [5.5, 10.5, 6, 11], "texture": "#0"},
				"east": {"uv": [4.5, 10.5, 6, 11], "texture": "#0"},
				"south": {"uv": [4.5, 10.5, 5, 11], "texture": "#0"},
				"west": {"uv": [6, 10.5, 4.5, 11], "texture": "#0"},
				"up": {"uv": [4.5, 10.5, 6, 11], "rotation": 270, "texture": "#0"},
				"down": {"uv": [4.5, 10.5, 6, 11], "rotation": 90, "texture": "#0"}
			}
		},
		{
			"name": "shuo_22",
			"from": [8, 4.5, 10.5],
			"to": [8.5, 5, 12],
			"faces": {
				"north": {"uv": [5, 11, 5.5, 11.5], "texture": "#0"},
				"east": {"uv": [4, 11, 5.5, 11.5], "texture": "#0"},
				"south": {"uv": [4, 11, 4.5, 11.5], "texture": "#0"},
				"west": {"uv": [5.5, 11, 4, 11.5], "texture": "#0"},
				"up": {"uv": [4, 11, 5.5, 11.5], "rotation": 270, "texture": "#0"},
				"down": {"uv": [4, 11, 5.5, 11.5], "rotation": 90, "texture": "#0"}
			}
		},
		{
			"name": "shuo_23",
			"from": [8, 4, 11],
			"to": [8.5, 4.5, 12.5],
			"faces": {
				"north": {"uv": [4.5, 11.5, 5, 12], "texture": "#0"},
				"east": {"uv": [3.5, 11.5, 5, 12], "texture": "#0"},
				"south": {"uv": [3.5, 11.5, 4, 12], "texture": "#0"},
				"west": {"uv": [5, 11.5, 3.5, 12], "texture": "#0"},
				"up": {"uv": [3.5, 11.5, 5, 12], "rotation": 270, "texture": "#0"},
				"down": {"uv": [3.5, 11.5, 5, 12], "rotation": 90, "texture": "#0"}
			}
		},
		{
			"name": "shuo_24",
			"from": [8, 3.5, 11.5],
			"to": [8.5, 4, 13],
			"faces": {
				"north": {"uv": [4, 12, 4.5, 12.5], "texture": "#0"},
				"east": {"uv": [3, 12, 4.5, 12.5], "texture": "#0"},
				"south": {"uv": [3, 12, 3.5, 12.5], "texture": "#0"},
				"west": {"uv": [4.5, 12, 3, 12.5], "texture": "#0"},
				"up": {"uv": [3, 12, 4.5, 12.5], "rotation": 270, "texture": "#0"},
				"down": {"uv": [3, 12, 4.5, 12.5], "rotation": 90, "texture": "#0"}
			}
		},
		{
			"name": "shuo_25",
			"from": [8, 3, 12],
			"to": [8.5, 3.5, 13.5],
			"faces": {
				"north": {"uv": [3.5, 12.5, 4, 13], "texture": "#0"},
				"east": {"uv": [2.5, 12.5, 4, 13], "texture": "#0"},
				"south": {"uv": [2.5, 12.5, 3, 13], "texture": "#0"},
				"west": {"uv": [4, 12.5, 2.5, 13], "texture": "#0"},
				"up": {"uv": [2.5, 12.5, 4, 13], "rotation": 270, "texture": "#0"},
				"down": {"uv": [2.5, 12.5, 4, 13], "rotation": 90, "texture": "#0"}
			}
		},
		{
			"name": "shuo_26",
			"from": [8, 2.5, 12.5],
			"to": [8.5, 3, 14],
			"faces": {
				"north": {"uv": [3, 13, 3.5, 13.5], "texture": "#0"},
				"east": {"uv": [2, 13, 3.5, 13.5], "texture": "#0"},
				"south": {"uv": [2, 13, 2.5, 13.5], "texture": "#0"},
				"west": {"uv": [3.5, 13, 2, 13.5], "texture": "#0"},
				"up": {"uv": [2, 13, 3.5, 13.5], "rotation": 270, "texture": "#0"},
				"down": {"uv": [2, 13, 3.5, 13.5], "rotation": 90, "texture": "#0"}
			}
		},
		{
			"name": "shuo_27",
			"from": [8, 2, 13],
			"to": [8.5, 2.5, 14.5],
			"faces": {
				"north": {"uv": [2.5, 13.5, 3, 14], "texture": "#0"},
				"east": {"uv": [1.5, 13.5, 3, 14], "texture": "#0"},
				"south": {"uv": [1.5, 13.5, 2, 14], "texture": "#0"},
				"west": {"uv": [3, 13.5, 1.5, 14], "texture": "#0"},
				"up": {"uv": [1.5, 13.5, 3, 14], "rotation": 270, "texture": "#0"},
				"down": {"uv": [1.5, 13.5, 3, 14], "rotation": 90, "texture": "#0"}
			}
		},
		{
			"name": "shuo_28",
			"from": [8, 1.5, 13.5],
			"to": [8.5, 2, 15],
			"faces": {
				"north": {"uv": [2, 14, 2.5, 14.5], "texture": "#0"},
				"east": {"uv": [1, 14, 2.5, 14.5], "texture": "#0"},
				"south": {"uv": [1, 14, 1.5, 14.5], "texture": "#0"},
				"west": {"uv": [2.5, 14, 1, 14.5], "texture": "#0"},
				"up": {"uv": [1, 14, 2.5, 14.5], "rotation": 270, "texture": "#0"},
				"down": {"uv": [1, 14, 2.5, 14.5], "rotation": 90, "texture": "#0"}
			}
		},
		{
			"name": "shuo_29",
			"from": [8, 1, 14],
			"to": [8.5, 1.5, 15.5],
			"faces": {
				"north": {"uv": [1.5, 14.5, 2, 15], "texture": "#0"},
				"east": {"uv": [0.5, 14.5, 2, 15], "texture": "#0"},
				"south": {"uv": [0.5, 14.5, 1, 15], "texture": "#0"},
				"west": {"uv": [2, 14.5, 0.5, 15], "texture": "#0"},
				"up": {"uv": [0.5, 14.5, 2, 15], "rotation": 270, "texture": "#0"},
				"down": {"uv": [0.5, 14.5, 2, 15], "rotation": 90, "texture": "#0"}
			}
		},
		{
			"name": "shuo_30",
			"from": [8, 0.5, 14.5],
			"to": [8.5, 1, 16],
			"faces": {
				"north": {"uv": [1, 15, 1.5, 15.5], "texture": "#0"},
				"east": {"uv": [0, 15, 1.5, 15.5], "texture": "#0"},
				"south": {"uv": [0, 15, 0.5, 15.5], "texture": "#0"},
				"west": {"uv": [1.5, 15, 0, 15.5], "texture": "#0"},
				"up": {"uv": [0, 15, 1.5, 15.5], "rotation": 270, "texture": "#0"},
				"down": {"uv": [0, 15, 1.5, 15.5], "rotation": 90, "texture": "#0"}
			}
		},
		{
			"name": "shuo_31",
			"from": [8, 0, 15],
			"to": [8.5, 0.5, 16],
			"faces": {
				"north": {"uv": [0.5, 15.5, 1, 16], "texture": "#0"},
				"east": {"uv": [0, 15.5, 1, 16], "texture": "#0"},
				"south": {"uv": [0, 15.5, 0.5, 16], "texture": "#0"},
				"west": {"uv": [1, 15.5, 0, 16], "texture": "#0"},
				"up": {"uv": [0, 15.5, 1, 16], "rotation": 270, "texture": "#0"},
				"down": {"uv": [0, 15.5, 1, 16], "rotation": 90, "texture": "#0"}
			}
		}
	],
	"gui_light": "front",
	"display": {
		"thirdperson_righthand": {
			"rotation": [30, 0, 0],
			"translation": [-0.75, 8.5, -1.5],
			"scale": [2, 2, 2]
		},
		"thirdperson_lefthand": {
			"rotation": [30, 0, 0],
			"translation": [0, 8.5, -1.5],
			"scale": [2, 2, 2]
		},
		"firstperson_righthand": {
			"rotation": [-20, 0, 0],
			"scale": [2, 2, 2]
		},
		"firstperson_lefthand": {
			"rotation": [-20, 0, 0],
			"scale": [2, 2, 2]
		},
		"gui": {
			"rotation": [0, -90, 0]
		},
		"head": {
			"translation": [0, 7, -7],
			"scale": [2, 2, 2]
		},
		"fixed": {
			"rotation": [0, 90, 0],
			"scale": [1.5, 1.5, 1.5]
		}
	},
	"groups": [
		{
			"name": "shuo",
			"origin": [8, 8, 8],
			"color": 0,
			"nbt": "{}",
			"armAnimationEnabled": false,
			"children": [0, 1, 2, 3, 4, 5, 6, 7, 8, 9, 10, 11, 12, 13, 14, 15, 16, 17, 18, 19, 20, 21, 22, 23, 24, 25, 26, 27, 28, 29, 30, 31]
		}
	]
}